[{"model": "authtoken.token", "pk": "4e7a135753aa01c182119ad7542dcaabebc5dd8b", "fields": {"user": 1, "created": "2026-04-24T03:07:07.079Z"}}, {"model": "authtoken.token", "pk": "e7dd1c47d48e6d800f9a93176931f7a2107bd473", "fields": {"user": 2, "created": "2026-04-24T03:07:07.285Z"}}, {"model": "authtoken.token", "pk": "f94247ce0053b80cdb0e20a84f7ce4d30204cd75", "fields": {"user": 3, "created": "2026-04-24T03:07:07.488Z"}}, {"model": "accounts.user", "pk": 1, "fields": {"password": "pbkdf2_sha256$600000$uWnTt8fqSrNkQSVs9AUAjP$NhOT9Jo9yjftJWUStBCn53tEfva8Dz21IC8EjIRRgmA=", "last_login": null, "is_superuser": true, "username": "admin", "first_name": "", "last_name": "", "email": "admin@example.com", "is_staff": true, "is_active": true, "date_joined": "2026-04-24T03:07:06.886Z", "points": 0, "groups": [], "user_permissions": []}}, {"model": "accounts.user", "pk": 2, "fields": {"password": "pbkdf2_sha256$1000000$dQ54E4nfVVhzoW9Ek6Y1E9$tX7HokPSQoseBgY+G5hT5MlM2FKhkN7P9WQQ5BfRQsI=", "last_login": null, "is_superuser": false, "username": "alice", "first_name": "", "last_name": "", "email": "alice@example.com", "is_staff": false, "is_active": true, "date_joined": "2026-04-24T03:07:07.092Z", "points": 890, "groups": [], "user_permissions": []}}, {"model": "accounts.user", "pk": 3, "fields": {"password": "pbkdf2_sha256$1000000$CQhwl88QA3RHfCob3yrbFG$O+225QWIiRFstKHc1CExGoLM6efWNU2MldqIoaNCA/U=", "last_login": null, "is_superuser": false, "username": "bob", "first_name": "", "last_name": "", "email": "bob@example.com", "is_staff": false, "is_active": true, "date_joined": "2026-04-24T03:07:07.297Z", "points": 930, "groups": [], "user_permissions": []}}, {"model": "accounts.user", "pk": 4, "fields": {"password": "pbkdf2_sha256$1200000$sSNCmcOqljI7DDPCe0SrIS$rUh0GwWamjiGZcXGgYCqD3Nll1EMLjjeVR3YqxC5zdg=", "last_login": null, "is_superuser": true, "username": "admin123", "first_name": "", "last_name": "", "email": "bayodeo1@gmail.com", "is_staff": true, "is_active": true, "date_joined": "2026-05-10T20:43:50.260Z", "points": 0, "groups": [], "user_permissions": []}}, {"model": "accounts.user", "pk": 5, "fields": {"password": "pbkdf2_sha256$600000$2pvszC1tIlTpNDcgQvG9Y1$WORwikaXBTUUuF3BABJKURIH5o78Cc5ZQDZkJZjQzyo=", "last_login": null, "is_superuser": true, "username": "bayode", "first_name": "", "last_name": "", "email": "bayodeo1@gmail.com", "is_staff": true, "is_active": true, "date_joined": "2026-05-14T05:45:39.014Z", "points": 0, "groups": [], "user_permissions": []}}, {"model": "stores.store", "pk": 1, "fields": {"name": "Mile 12 Market", "address": "Mile 12, Lagos Mainland, Lagos", "city": "Lagos Mainland", "state": "Lagos State", "latitude": 6.6019, "longitude": 3.3795, "is_approved": true, "created_at": "2026-04-24T03:07:07.501Z"}}, {"model": "stores.store", "pk": 2, "fields": {"name": "Oyingbo Market", "address": "Oyingbo, Lagos Island, Lagos", "city": "Lagos Island", "state": "Lagos State", "latitude": 6.4716, "longitude": 3.3874, "is_approved": true, "created_at": "2026-04-24T03:07:07.515Z"}}, {"model": "stores.store", "pk": 3, "fields": {"name": "Wuse Market", "address": "Wuse Zone 5, Abuja FCT", "city": "Abuja", "state": "FCT", "latitude": 9.0643, "longitude": 7.4892, "is_approved": true, "created_at": "2026-04-24T03:07:07.527Z"}}, {"model": "stores.store", "pk": 4, "fields": {"name": "Garki Market", "address": "Garki Area 1, Abuja FCT", "city": "Abuja", "state": "FCT", "latitude": 9.0238, "longitude": 7.4901, "is_approved": true, "created_at": "2026-04-24T03:07:07.539Z"}}, {"model": "stores.store", "pk": 5, "fields": {"name": "Bodija Market", "address": "Bodija Estate, Ibadan, Oyo State", "city": "Ibadan", "state": "Oyo State", "latitude": 7.4167, "longitude": 3.8975, "is_approved": true, "created_at": "2026-04-24T03:07:07.550Z"}}, {"model": "stores.store", "pk": 6, "fields": {"name": "Dugbe Market", "address": "Dugbe, Ibadan, Oyo State", "city": "Ibadan", "state": "Oyo State", "latitude": 7.3756, "longitude": 3.8976, "is_approved": true, "created_at": "2026-04-24T03:07:07.563Z"}}, {"model": "stores.store", "pk": 7, "fields": {"name": "Mile 1 Market Diobu", "address": "Mile 1, Diobu, Port Harcourt, Rivers", "city": "Port Harcourt", "state": "Rivers State", "latitude": 4.8396, "longitude": 7.0135, "is_approved": true, "created_at": "2026-04-24T03:07:07.575Z"}}, {"model": "stores.store", "pk": 8, "fields": {"name": "Oil Mill Market", "address": "Oil Mill, Port Harcourt, Rivers State", "city": "Port Harcourt", "state": "Rivers State", "latitude": 4.8156, "longitude": 7.0498, "is_approved": true, "created_at": "2026-04-24T03:07:07.588Z"}}, {"model": "stores.store", "pk": 9, "fields": {"name": "Ogbete Main Market", "address": "Ogbete, Enugu, Enugu State", "city": "Enugu", "state": "Enugu State", "latitude": 6.4421, "longitude": 7.4983, "is_approved": true, "created_at": "2026-04-24T03:07:07.601Z"}}, {"model": "stores.store", "pk": 10, "fields": {"name": "New Market Enugu", "address": "New Market Road, Enugu, Enugu State", "city": "Enugu", "state": "Enugu State", "latitude": 6.4597, "longitude": 7.5013, "is_approved": true, "created_at": "2026-04-24T03:07:07.612Z"}}, {"model": "stores.store", "pk": 11, "fields": {"name": "Onitsha Main Market", "address": "Onitsha, Anambra State", "city": "Onitsha", "state": "Anambra State", "latitude": 6.1333, "longitude": 6.7833, "is_approved": true, "created_at": "2026-04-24T03:07:07.624Z"}}, {"model": "stores.store", "pk": 12, "fields": {"name": "Bridgehead Market", "address": "Bridgehead, Onitsha, Anambra State", "city": "Onitsha", "state": "Anambra State", "latitude": 6.1501, "longitude": 6.7958, "is_approved": true, "created_at": "2026-04-24T03:07:07.636Z"}}, {"model": "stores.store", "pk": 13, "fields": {"name": "Ariaria International Market", "address": "Ariaria, Aba, Abia State", "city": "Aba", "state": "Abia State", "latitude": 5.117, "longitude": 7.3656, "is_approved": true, "created_at": "2026-04-27T20:42:42.409Z"}}, {"model": "stores.store", "pk": 14, "fields": {"name": "Umuahia Central Market", "address": "Market Rd, Umuahia, Abia State", "city": "Umuahia", "state": "Abia State", "latitude": 5.5262, "longitude": 7.4836, "is_approved": true, "created_at": "2026-04-27T20:42:42.620Z"}}, {"model": "stores.store", "pk": 15, "fields": {"name": "Monday Market Yola", "address": "Jimeta, Yola, Adamawa State", "city": "Yola", "state": "Adamawa State", "latitude": 9.2888, "longitude": 12.462, "is_approved": true, "created_at": "2026-04-27T20:42:42.630Z"}}, {"model": "stores.store", "pk": 16, "fields": {"name": "Jimeta Modern Market", "address": "Jimeta, Yola, Adamawa State", "city": "Yola", "state": "Adamawa State", "latitude": 9.2821, "longitude": 12.4533, "is_approved": true, "created_at": "2026-04-27T20:42:42.642Z"}}, {"model": "stores.store", "pk": 17, "fields": {"name": "Itam Market", "address": "Itam, Uyo, Akwa Ibom State", "city": "Uyo", "state": "Akwa Ibom State", "latitude": 5.0073, "longitude": 7.9261, "is_approved": true, "created_at": "2026-04-27T20:42:42.657Z"}}, {"model": "stores.store", "pk": 18, "fields": {"name": "Akpan Andem Market", "address": "Akpan Andem, Uyo, Akwa Ibom State", "city": "Uyo", "state": "Akwa Ibom State", "latitude": 5.0388, "longitude": 7.9135, "is_approved": true, "created_at": "2026-04-27T20:42:42.667Z"}}, {"model": "stores.store", "pk": 19, "fields": {"name": "Eke Awka Market", "address": "Zik Ave, Awka, Anambra State", "city": "Awka", "state": "Anambra State", "latitude": 6.21, "longitude": 7.072, "is_approved": true, "created_at": "2026-04-27T20:42:42.676Z"}}, {"model": "stores.store", "pk": 20, "fields": {"name": "Muda Lawal Market", "address": "Muda Lawal Rd, Bauchi, Bauchi State", "city": "Bauchi", "state": "Bauchi State", "latitude": 10.3132, "longitude": 9.8466, "is_approved": true, "created_at": "2026-04-27T20:42:42.692Z"}}, {"model": "stores.store", "pk": 21, "fields": {"name": "Wunti Market", "address": "Wunti, Bauchi, Bauchi State", "city": "Bauchi", "state": "Bauchi State", "latitude": 10.3205, "longitude": 9.8358, "is_approved": true, "created_at": "2026-04-27T20:42:42.706Z"}}, {"model": "stores.store", "pk": 22, "fields": {"name": "Swali Market", "address": "Swali, Yenagoa, Bayelsa State", "city": "Yenagoa", "state": "Bayelsa State", "latitude": 4.9267, "longitude": 6.2676, "is_approved": true, "created_at": "2026-04-27T20:42:42.718Z"}}, {"model": "stores.store", "pk": 23, "fields": {"name": "Tombia Market", "address": "Tombia, Yenagoa, Bayelsa State", "city": "Yenagoa", "state": "Bayelsa State", "latitude": 4.9002, "longitude": 6.2583, "is_approved": true, "created_at": "2026-04-27T20:42:42.729Z"}}, {"model": "stores.store", "pk": 24, "fields": {"name": "Modern Market Makurdi", "address": "Modern Market Rd, Makurdi, Benue State", "city": "Makurdi", "state": "Benue State", "latitude": 7.7396, "longitude": 8.5228, "is_approved": true, "created_at": "2026-04-27T20:42:42.740Z"}}, {"model": "stores.store", "pk": 25, "fields": {"name": "North Bank Market", "address": "North Bank, Makurdi, Benue State", "city": "Makurdi", "state": "Benue State", "latitude": 7.7227, "longitude": 8.5312, "is_approved": true, "created_at": "2026-04-27T20:42:42.752Z"}}, {"model": "stores.store", "pk": 26, "fields": {"name": "Monday Market Maiduguri", "address": "Monday Market, Maiduguri, Borno State", "city": "Maiduguri", "state": "Borno State", "latitude": 11.831, "longitude": 13.1547, "is_approved": true, "created_at": "2026-04-27T20:42:42.763Z"}}, {"model": "stores.store", "pk": 27, "fields": {"name": "Baga Road Market", "address": "Baga Rd, Maiduguri, Borno State", "city": "Maiduguri", "state": "Borno State", "latitude": 11.849, "longitude": 13.1503, "is_approved": true, "created_at": "2026-04-27T20:42:42.774Z"}}, {"model": "stores.store", "pk": 28, "fields": {"name": "Watt Market", "address": "Watt Market, Calabar, Cross River State", "city": "Calabar", "state": "Cross River State", "latitude": 4.95, "longitude": 8.325, "is_approved": true, "created_at": "2026-04-27T20:42:42.794Z"}}, {"model": "stores.store", "pk": 29, "fields": {"name": "Uwanse Market", "address": "Uwanse, Calabar, Cross River State", "city": "Calabar", "state": "Cross River State", "latitude": 4.9557, "longitude": 8.3218, "is_approved": true, "created_at": "2026-04-27T20:42:42.806Z"}}, {"model": "stores.store", "pk": 30, "fields": {"name": "Ogbeogonogo Market", "address": "Ogbeogonogo, Asaba, Delta State", "city": "Asaba", "state": "Delta State", "latitude": 6.1974, "longitude": 6.7325, "is_approved": true, "created_at": "2026-04-27T20:42:42.818Z"}}, {"model": "stores.store", "pk": 31, "fields": {"name": "Main Market Warri", "address": "Warri Main Market, Delta State", "city": "Warri Main Market", "state": "Delta State", "latitude": 5.5165, "longitude": 5.749, "is_approved": true, "created_at": "2026-04-27T20:42:42.830Z"}}, {"model": "stores.store", "pk": 32, "fields": {"name": "Abakaliki Rice Mill Market", "address": "Rice Mill, Abakaliki, Ebonyi State", "city": "Abakaliki", "state": "Ebonyi State", "latitude": 6.3226, "longitude": 8.1144, "is_approved": true, "created_at": "2026-04-27T20:42:42.841Z"}}, {"model": "stores.store", "pk": 33, "fields": {"name": "Afikpo Main Market", "address": "Market Rd, Afikpo, Ebonyi State", "city": "Afikpo", "state": "Ebonyi State", "latitude": 5.8895, "longitude": 7.9237, "is_approved": true, "created_at": "2026-04-27T20:42:42.855Z"}}, {"model": "stores.store", "pk": 34, "fields": {"name": "New Benin Market", "address": "New Benin, Benin City, Edo State", "city": "Benin City", "state": "Edo State", "latitude": 6.3392, "longitude": 5.6272, "is_approved": true, "created_at": "2026-04-27T20:42:42.868Z"}}, {"model": "stores.store", "pk": 35, "fields": {"name": "Oba Market", "address": "Oba Market, Benin City, Edo State", "city": "Benin City", "state": "Edo State", "latitude": 6.315, "longitude": 5.6083, "is_approved": true, "created_at": "2026-04-27T20:42:42.879Z"}}, {"model": "stores.store", "pk": 36, "fields": {"name": "Oja Oba Market Ado Ekiti", "address": "Oja Oba, Ado Ekiti, Ekiti State", "city": "Ado Ekiti", "state": "Ekiti State", "latitude": 7.623, "longitude": 5.222, "is_approved": true, "created_at": "2026-04-27T20:42:42.897Z"}}, {"model": "stores.store", "pk": 37, "fields": {"name": "Shagari Market Ado Ekiti", "address": "Shagari, Ado Ekiti, Ekiti State", "city": "Ado Ekiti", "state": "Ekiti State", "latitude": 7.615, "longitude": 5.2312, "is_approved": true, "created_at": "2026-04-27T20:42:42.908Z"}}, {"model": "stores.store", "pk": 38, "fields": {"name": "Coal Camp Market", "address": "Coal Camp, Enugu, Enugu State", "city": "Enugu", "state": "Enugu State", "latitude": 6.4679, "longitude": 7.513, "is_approved": true, "created_at": "2026-04-27T20:42:42.919Z"}}, {"model": "stores.store", "pk": 39, "fields": {"name": "Nyanya Market", "address": "Nyanya, Abuja FCT", "city": "Abuja", "state": "FCT", "latitude": 8.9917, "longitude": 7.5276, "is_approved": true, "created_at": "2026-04-27T20:42:42.931Z"}}, {"model": "stores.store", "pk": 40, "fields": {"name": "Utako Market", "address": "Utako, Abuja FCT", "city": "Abuja", "state": "FCT", "latitude": 9.0812, "longitude": 7.4554, "is_approved": true, "created_at": "2026-04-27T20:42:42.942Z"}}, {"model": "stores.store", "pk": 41, "fields": {"name": "Tudun Wada Market", "address": "Tudun Wada, Gombe, Gombe State", "city": "Gombe", "state": "Gombe State", "latitude": 10.2897, "longitude": 11.1673, "is_approved": true, "created_at": "2026-04-27T20:42:42.955Z"}}, {"model": "stores.store", "pk": 42, "fields": {"name": "Pantami Market", "address": "Pantami, Gombe, Gombe State", "city": "Gombe", "state": "Gombe State", "latitude": 10.2963, "longitude": 11.176, "is_approved": true, "created_at": "2026-04-27T20:42:42.969Z"}}, {"model": "stores.store", "pk": 43, "fields": {"name": "Eke Ukwu Owerri Market", "address": "Eke Ukwu, Owerri, Imo State", "city": "Owerri", "state": "Imo State", "latitude": 5.4837, "longitude": 7.0263, "is_approved": true, "created_at": "2026-04-27T20:42:42.981Z"}}, {"model": "stores.store", "pk": 44, "fields": {"name": "Relief Market Owerri", "address": "Relief Market, Owerri, Imo State", "city": "Owerri", "state": "Imo State", "latitude": 5.4782, "longitude": 7.0234, "is_approved": true, "created_at": "2026-04-27T20:42:42.993Z"}}, {"model": "stores.store", "pk": 45, "fields": {"name": "Dutse Main Market", "address": "Dutse, Jigawa State", "city": "Dutse", "state": "Jigawa State", "latitude": 11.7004, "longitude": 9.3468, "is_approved": true, "created_at": "2026-04-27T20:42:43.004Z"}}, {"model": "stores.store", "pk": 46, "fields": {"name": "Hadejia Market", "address": "Hadejia, Jigawa State", "city": "Hadejia", "state": "Jigawa State", "latitude": 12.4535, "longitude": 10.0407, "is_approved": true, "created_at": "2026-04-27T20:42:43.019Z"}}, {"model": "stores.store", "pk": 47, "fields": {"name": "Kaduna Central Market", "address": "Central Market, Kaduna, Kaduna State", "city": "Kaduna", "state": "Kaduna State", "latitude": 10.5292, "longitude": 7.4403, "is_approved": true, "created_at": "2026-04-27T20:42:43.035Z"}}, {"model": "stores.store", "pk": 48, "fields": {"name": "Kasuwan Barwo Market", "address": "Kasuwan Barwo, Kaduna, Kaduna State", "city": "Kaduna", "state": "Kaduna State", "latitude": 10.515, "longitude": 7.435, "is_approved": true, "created_at": "2026-04-27T20:42:43.046Z"}}, {"model": "stores.store", "pk": 49, "fields": {"name": "Kurmi Market", "address": "Kurmi Market, Kano City, Kano State", "city": "Kano City", "state": "Kano State", "latitude": 11.9916, "longitude": 8.5211, "is_approved": true, "created_at": "2026-04-27T20:42:43.056Z"}}, {"model": "stores.store", "pk": 50, "fields": {"name": "Sabon Gari Market Kano", "address": "Sabon Gari, Kano, Kano State", "city": "Kano", "state": "Kano State", "latitude": 12.0007, "longitude": 8.5264, "is_approved": true, "created_at": "2026-04-27T20:42:43.066Z"}}, {"model": "stores.store", "pk": 51, "fields": {"name": "Katsina Central Market", "address": "Central Market, Katsina, Katsina State", "city": "Katsina", "state": "Katsina State", "latitude": 12.9965, "longitude": 7.5987, "is_approved": true, "created_at": "2026-04-27T20:42:43.078Z"}}, {"model": "stores.store", "pk": 52, "fields": {"name": "Yan Kaba Market", "address": "Yan Kaba, Katsina, Katsina State", "city": "Katsina", "state": "Katsina State", "latitude": 13.0033, "longitude": 7.5946, "is_approved": true, "created_at": "2026-04-27T20:42:43.090Z"}}, {"model": "stores.store", "pk": 53, "fields": {"name": "Birnin Kebbi Central Market", "address": "Birnin Kebbi, Kebbi State", "city": "Birnin Kebbi", "state": "Kebbi State", "latitude": 12.453, "longitude": 4.1997, "is_approved": true, "created_at": "2026-04-27T20:42:43.102Z"}}, {"model": "stores.store", "pk": 54, "fields": {"name": "Argungu Market", "address": "Argungu, Kebbi State", "city": "Argungu", "state": "Kebbi State", "latitude": 12.7399, "longitude": 4.5225, "is_approved": true, "created_at": "2026-04-27T20:42:43.116Z"}}, {"model": "stores.store", "pk": 55, "fields": {"name": "Ganaja Market", "address": "Ganaja, Lokoja, Kogi State", "city": "Lokoja", "state": "Kogi State", "latitude": 7.797, "longitude": 6.734, "is_approved": true, "created_at": "2026-04-27T20:42:43.131Z"}}, {"model": "stores.store", "pk": 56, "fields": {"name": "Lokoja Main Market", "address": "Main Market, Lokoja, Kogi State", "city": "Lokoja", "state": "Kogi State", "latitude": 7.8026, "longitude": 6.728, "is_approved": true, "created_at": "2026-04-27T20:42:43.146Z"}}, {"model": "stores.store", "pk": 57, "fields": {"name": "Mandate Market Ilorin", "address": "Mandate, Ilorin, Kwara State", "city": "Ilorin", "state": "Kwara State", "latitude": 8.4966, "longitude": 4.5568, "is_approved": true, "created_at": "2026-04-27T20:42:43.160Z"}}, {"model": "stores.store", "pk": 58, "fields": {"name": "Oja Oba Market Ilorin", "address": "Oja Oba, Ilorin, Kwara State", "city": "Ilorin", "state": "Kwara State", "latitude": 8.4918, "longitude": 4.537, "is_approved": true, "created_at": "2026-04-27T20:42:43.280Z"}}, {"model": "stores.store", "pk": 59, "fields": {"name": "Balogun Market", "address": "Balogun, Lagos Island, Lagos", "city": "Lagos Island", "state": "Lagos State", "latitude": 6.455, "longitude": 3.3965, "is_approved": true, "created_at": "2026-04-27T20:42:43.294Z"}}, {"model": "stores.store", "pk": 60, "fields": {"name": "Mushin Market", "address": "Mushin, Lagos State", "city": "Mushin", "state": "Lagos State", "latitude": 6.5298, "longitude": 3.3567, "is_approved": true, "created_at": "2026-04-27T20:42:43.315Z"}}, {"model": "stores.store", "pk": 61, "fields": {"name": "Agege Market", "address": "Agege, Lagos State", "city": "Agege", "state": "Lagos State", "latitude": 6.6172, "longitude": 3.325, "is_approved": true, "created_at": "2026-04-27T20:42:43.333Z"}}, {"model": "stores.store", "pk": 62, "fields": {"name": "Lafia Modern Market", "address": "Modern Market, Lafia, Nasarawa State", "city": "Lafia", "state": "Nasarawa State", "latitude": 8.4966, "longitude": 8.5218, "is_approved": true, "created_at": "2026-04-27T20:42:43.346Z"}}, {"model": "stores.store", "pk": 63, "fields": {"name": "Karu Market", "address": "Karu, Nasarawa State", "city": "Karu", "state": "Nasarawa State", "latitude": 8.9934, "longitude": 7.5387, "is_approved": true, "created_at": "2026-04-27T20:42:43.359Z"}}, {"model": "stores.store", "pk": 64, "fields": {"name": "Kpakungu Market Minna", "address": "Kpakungu, Minna, Niger State", "city": "Minna", "state": "Niger State", "latitude": 9.6139, "longitude": 6.5569, "is_approved": true, "created_at": "2026-04-27T20:42:43.374Z"}}, {"model": "stores.store", "pk": 65, "fields": {"name": "Terminus Market Minna", "address": "Terminus, Minna, Niger State", "city": "Minna", "state": "Niger State", "latitude": 9.6175, "longitude": 6.5534, "is_approved": true, "created_at": "2026-04-27T20:42:43.385Z"}}, {"model": "stores.store", "pk": 66, "fields": {"name": "Kuto Market Abeokuta", "address": "Kuto, Abeokuta, Ogun State", "city": "Abeokuta", "state": "Ogun State", "latitude": 7.1478, "longitude": 3.3514, "is_approved": true, "created_at": "2026-04-27T20:42:43.400Z"}}, {"model": "stores.store", "pk": 67, "fields": {"name": "Lafenwa Market", "address": "Lafenwa, Abeokuta, Ogun State", "city": "Abeokuta", "state": "Ogun State", "latitude": 7.1562, "longitude": 3.3489, "is_approved": true, "created_at": "2026-04-27T20:42:43.413Z"}}, {"model": "stores.store", "pk": 68, "fields": {"name": "Oja Oba Market Akure", "address": "Oja Oba, Akure, Ondo State", "city": "Akure", "state": "Ondo State", "latitude": 7.253, "longitude": 5.195, "is_approved": true, "created_at": "2026-04-27T20:42:43.425Z"}}, {"model": "stores.store", "pk": 69, "fields": {"name": "Shagari Market Akure", "address": "Shagari, Akure, Ondo State", "city": "Akure", "state": "Ondo State", "latitude": 7.2604, "longitude": 5.1834, "is_approved": true, "created_at": "2026-04-27T20:42:43.438Z"}}, {"model": "stores.store", "pk": 70, "fields": {"name": "Oja Oba Market Osogbo", "address": "Oja Oba, Osogbo, Osun State", "city": "Osogbo", "state": "Osun State", "latitude": 7.7826, "longitude": 4.5572, "is_approved": true, "created_at": "2026-04-27T20:42:43.451Z"}}, {"model": "stores.store", "pk": 71, "fields": {"name": "Ataoja Market Osogbo", "address": "Ataoja, Osogbo, Osun State", "city": "Osogbo", "state": "Osun State", "latitude": 7.7762, "longitude": 4.5539, "is_approved": true, "created_at": "2026-04-27T20:42:43.462Z"}}, {"model": "stores.store", "pk": 72, "fields": {"name": "Gbagi Market Ibadan", "address": "Gbagi, New Ife Rd, Ibadan, Oyo State", "city": "Ibadan", "state": "Oyo State", "latitude": 7.354, "longitude": 3.9125, "is_approved": true, "created_at": "2026-04-27T20:42:43.476Z"}}, {"model": "stores.store", "pk": 73, "fields": {"name": "Jos Main Market", "address": "Main Market, Jos, Plateau State", "city": "Jos", "state": "Plateau State", "latitude": 9.9197, "longitude": 8.8941, "is_approved": true, "created_at": "2026-04-27T20:42:43.488Z"}}, {"model": "stores.store", "pk": 74, "fields": {"name": "Terminus Market Jos", "address": "Terminus, Jos, Plateau State", "city": "Jos", "state": "Plateau State", "latitude": 9.9234, "longitude": 8.8885, "is_approved": true, "created_at": "2026-04-27T20:42:43.500Z"}}, {"model": "stores.store", "pk": 75, "fields": {"name": "Rumuola Market", "address": "Rumuola, Port Harcourt, Rivers State", "city": "Port Harcourt", "state": "Rivers State", "latitude": 4.8398, "longitude": 7.0279, "is_approved": true, "created_at": "2026-04-27T20:42:43.512Z"}}, {"model": "stores.store", "pk": 76, "fields": {"name": "Choba Market", "address": "Choba, Rivers State", "city": "Choba", "state": "Rivers State", "latitude": 4.8905, "longitude": 6.9342, "is_approved": true, "created_at": "2026-04-27T20:42:43.522Z"}}, {"model": "stores.store", "pk": 77, "fields": {"name": "Sokoto Central Market", "address": "Central Market, Sokoto, Sokoto State", "city": "Sokoto", "state": "Sokoto State", "latitude": 13.0059, "longitude": 5.2476, "is_approved": true, "created_at": "2026-04-27T20:42:43.533Z"}}, {"model": "stores.store", "pk": 78, "fields": {"name": "Emir Market Sokoto", "address": "Emir Market, Sokoto, Sokoto State", "city": "Sokoto", "state": "Sokoto State", "latitude": 13.062, "longitude": 5.2503, "is_approved": true, "created_at": "2026-04-27T20:42:43.544Z"}}, {"model": "stores.store", "pk": 79, "fields": {"name": "Jalingo Main Market", "address": "Main Market, Jalingo, Taraba State", "city": "Jalingo", "state": "Taraba State", "latitude": 8.9016, "longitude": 11.3623, "is_approved": true, "created_at": "2026-04-27T20:42:43.555Z"}}, {"model": "stores.store", "pk": 80, "fields": {"name": "Wukari Market", "address": "Wukari, Taraba State", "city": "Wukari", "state": "Taraba State", "latitude": 7.8704, "longitude": 9.7793, "is_approved": true, "created_at": "2026-04-27T20:42:43.566Z"}}, {"model": "stores.store", "pk": 81, "fields": {"name": "Monday Market Damaturu", "address": "Monday Market, Damaturu, Yobe State", "city": "Damaturu", "state": "Yobe State", "latitude": 11.747, "longitude": 11.9589, "is_approved": true, "created_at": "2026-04-27T20:42:43.578Z"}}, {"model": "stores.store", "pk": 82, "fields": {"name": "Potiskum Market", "address": "Main Market, Potiskum, Yobe State", "city": "Potiskum", "state": "Yobe State", "latitude": 11.7098, "longitude": 11.0777, "is_approved": true, "created_at": "2026-04-27T20:42:43.590Z"}}, {"model": "stores.store", "pk": 83, "fields": {"name": "Gusau Central Market", "address": "Central Market, Gusau, Zamfara State", "city": "Gusau", "state": "Zamfara State", "latitude": 12.1697, "longitude": 6.6618, "is_approved": true, "created_at": "2026-04-27T20:42:43.602Z"}}, {"model": "stores.store", "pk": 84, "fields": {"name": "Kaura Namoda Market", "address": "Kaura Namoda, Zamfara State", "city": "Kaura Namoda", "state": "Zamfara State", "latitude": 12.5975, "longitude": 6.5881, "is_approved": true, "created_at": "2026-04-27T20:42:43.612Z"}}, {"model": "stores.store", "pk": 85, "fields": {"name": "Bodija Market", "address": "Oyo, Oyo", "city": "Oyo", "state": "Oyo", "latitude": 7.35273, "longitude": 3.91118, "is_approved": true, "created_at": "2026-05-07T16:00:59.631Z"}}, {"model": "stores.store", "pk": 86, "fields": {"name": "UI Market", "address": "Oyo, Oyo", "city": "Oyo", "state": "Oyo", "latitude": 7.35567, "longitude": 3.97143, "is_approved": true, "created_at": "2026-05-07T16:00:59.775Z"}}, {"model": "stores.store", "pk": 87, "fields": {"name": "Ojoo Market", "address": "Oyo, Oyo", "city": "Oyo", "state": "Oyo", "latitude": 7.37579, "longitude": 3.98195, "is_approved": true, "created_at": "2026-05-07T16:00:59.888Z"}}, {"model": "stores.store", "pk": 88, "fields": {"name": "Sango Market", "address": "Oyo, Oyo", "city": "Oyo", "state": "Oyo", "latitude": 7.40348, "longitude": 3.92105, "is_approved": true, "created_at": "2026-05-07T16:00:59.917Z"}}, {"model": "stores.store", "pk": 89, "fields": {"name": "Gbagi Market", "address": "Oyo, Oyo", "city": "Oyo", "state": "Oyo", "latitude": 7.38867, "longitude": 3.96367, "is_approved": true, "created_at": "2026-05-07T16:00:59.970Z"}}, {"model": "items.groceryitem", "pk": 1, "fields": {"name": "Garri (1kg)", "category": "Staples", "image_url": "https://images.unsplash.com/photo-1574323347407-f5e1ad6d020b?w=400&q=80&fit=crop", "created_at": "2026-04-24T03:07:07.649Z"}}, {"model": "items.groceryitem", "pk": 2, "fields": {"name": "Rice (1kg)", "category": "Staples", "image_url": "https://images.unsplash.com/photo-1536304993881-ff6e9eefa2a6?w=400&q=80&fit=crop", "created_at": "2026-04-24T03:07:07.661Z"}}, {"model": "items.groceryitem", "pk": 3, "fields": {"name": "Semovita (1kg)", "category": "Staples", "image_url": "/media/items/3.jpg", "created_at": "2026-04-24T03:07:07.673Z"}}, {"model": "items.groceryitem", "pk": 4, "fields": {"name": "Beans (1kg)", "category": "Staples", "image_url": "https://images.unsplash.com/photo-1515543237350-b3eea1ec8082?w=400&q=80&fit=crop", "created_at": "2026-04-24T03:07:07.685Z"}}, {"model": "items.groceryitem", "pk": 5, "fields": {"name": "Tomatoes (basket)", "category": "Vegetables", "image_url": "https://images.unsplash.com/photo-1546094096-0df4bcaaa337?w=400&q=80&fit=crop", "created_at": "2026-04-24T03:07:07.697Z"}}, {"model": "items.groceryitem", "pk": 6, "fields": {"name": "Onions (1kg)", "category": "Vegetables", "image_url": "https://images.unsplash.com/photo-1508747703725-719777637510?w=400&q=80&fit=crop", "created_at": "2026-04-24T03:07:07.709Z"}}, {"model": "items.groceryitem", "pk": 7, "fields": {"name": "Plantain (bunch)", "category": "Fruits", "image_url": "https://images.unsplash.com/photo-1571771894821-ce9b6c11b08e?w=400&q=80&fit=crop", "created_at": "2026-04-24T03:07:07.720Z"}}, {"model": "items.groceryitem", "pk": 8, "fields": {"name": "Yam (1 tuber)", "category": "Staples", "image_url": "https://images.unsplash.com/photo-1618170027586-d5cc8c3d2b45?w=400&q=80&fit=crop", "created_at": "2026-04-24T03:07:07.733Z"}}, {"model": "items.groceryitem", "pk": 9, "fields": {"name": "Palm Oil (1 litre)", "category": "Oils", "image_url": "https://images.unsplash.com/photo-1474979266404-7eaacbcd87c5?w=400&q=80&fit=crop", "created_at": "2026-04-24T03:07:07.746Z"}}, {"model": "items.groceryitem", "pk": 10, "fields": {"name": "Groundnut Oil (1L)", "category": "Oils", "image_url": "https://images.unsplash.com/photo-1474979266404-7eaacbcd87c5?w=400&q=80&fit=crop", "created_at": "2026-04-24T03:07:07.759Z"}}, {"model": "items.groceryitem", "pk": 11, "fields": {"name": "Indomie x40 pack", "category": "Noodles", "image_url": "https://images.unsplash.com/photo-1569718212165-3a8278d5f624?w=400&q=80&fit=crop", "created_at": "2026-04-24T03:07:07.770Z"}}, {"model": "items.groceryitem", "pk": 12, "fields": {"name": "Milo (400g)", "category": "Beverages", "image_url": "/media/items/12.jpg", "created_at": "2026-04-24T03:07:07.783Z"}}, {"model": "items.groceryitem", "pk": 13, "fields": {"name": "Peak Milk (400g)", "category": "Dairy", "image_url": "https://images.unsplash.com/photo-1550583724-b2692b85b150?w=400&q=80&fit=crop", "created_at": "2026-04-24T03:07:07.795Z"}}, {"model": "items.groceryitem", "pk": 14, "fields": {"name": "Bread (600g loaf)", "category": "Bakery", "image_url": "/media/items/14.jpg", "created_at": "2026-04-24T03:07:07.807Z"}}, {"model": "items.groceryitem", "pk": 15, "fields": {"name": "Eggs (crate of 30)", "category": "Dairy", "image_url": "https://images.unsplash.com/photo-1587486913049-53fc88980cfc?w=400&q=80&fit=crop", "created_at": "2026-04-24T03:07:07.818Z"}}, {"model": "prices.price", "pk": 1, "fields": {"store": 1, "item": 1, "user": 3, "price": "750.00", "image": "", "is_approved": true, "created_at": "2026-04-24T03:07:07.830Z"}}, {"model": "prices.price", "pk": 2, "fields": {"store": 2, "item": 1, "user": 2, "price": "650.00", "image": "", "is_approved": true, "created_at": "2026-04-24T03:07:07.849Z"}}, {"model": "prices.price", "pk": 3, "fields": {"store": 3, "item": 1, "user": 2, "price": "800.00", "image": "", "is_approved": true, "created_at": "2026-04-24T03:07:07.862Z"}}, {"model": "prices.price", "pk": 4, "fields": {"store": 4, "item": 1, "user": 2, "price": "700.00", "image": "", "is_approved": true, "created_at": "2026-04-24T03:07:07.876Z"}}, {"model": "prices.price", "pk": 5, "fields": {"store": 5, "item": 1, "user": 2, "price": "650.00", "image": "", "is_approved": true, "created_at": "2026-04-24T03:07:07.890Z"}}, {"model": "prices.price", "pk": 6, "fields": {"store": 6, "item": 1, "user": 3, "price": "650.00", "image": "", "is_approved": true, "created_at": "2026-04-24T03:07:07.904Z"}}, {"model": "prices.price", "pk": 7, "fields": {"store": 7, "item": 1, "user": 2, "price": "700.00", "image": "", "is_approved": true, "created_at": "2026-04-24T03:07:07.917Z"}}, {"model": "prices.price", "pk": 8, "fields": {"store": 8, "item": 1, "user": 3, "price": "750.00", "image": "", "is_approved": true, "created_at": "2026-04-24T03:07:07.932Z"}}, {"model": "prices.price", "pk": 9, "fields": {"store": 9, "item": 1, "user": 3, "price": "650.00", "image": "", "is_approved": true, "created_at": "2026-04-24T03:07:07.946Z"}}, {"model": "prices.price", "pk": 10, "fields": {"store": 10, "item": 1, "user": 3, "price": "600.00", "image": "", "is_approved": true, "created_at": "2026-04-24T03:07:07.959Z"}}, {"model": "prices.price", "pk": 11, "fields": {"store": 11, "item": 1, "user": 2, "price": "750.00", "image": "", "is_approved": true, "created_at": "2026-04-24T03:07:07.972Z"}}, {"model": "prices.price", "pk": 12, "fields": {"store": 12, "item": 1, "user": 3, "price": "700.00", "image": "", "is_approved": true, "created_at": "2026-04-24T03:07:07.986Z"}}, {"model": "prices.price", "pk": 13, "fields": {"store": 1, "item": 2, "user": 3, "price": "1250.00", "image": "", "is_approved": true, "created_at": "2026-04-24T03:07:08.000Z"}}, {"model": "prices.price", "pk": 14, "fields": {"store": 2, "item": 2, "user": 2, "price": "1100.00", "image": "", "is_approved": true, "created_at": "2026-04-24T03:07:08.014Z"}}, {"model": "prices.price", "pk": 15, "fields": {"store": 3, "item": 2, "user": 2, "price": "1100.00", "image": "", "is_approved": true, "created_at": "2026-04-24T03:07:08.027Z"}}, {"model": "prices.price", "pk": 16, "fields": {"store": 4, "item": 2, "user": 3, "price": "1400.00", "image": "", "is_approved": true, "created_at": "2026-04-24T03:07:08.041Z"}}, {"model": "prices.price", "pk": 17, "fields": {"store": 5, "item": 2, "user": 2, "price": "1300.00", "image": "", "is_approved": true, "created_at": "2026-04-24T03:07:08.053Z"}}, {"model": "prices.price", "pk": 18, "fields": {"store": 6, "item": 2, "user": 3, "price": "1150.00", "image": "", "is_approved": true, "created_at": "2026-04-24T03:07:08.066Z"}}, {"model": "prices.price", "pk": 19, "fields": {"store": 7, "item": 2, "user": 2, "price": "1400.00", "image": "", "is_approved": true, "created_at": "2026-04-24T03:07:08.080Z"}}, {"model": "prices.price", "pk": 20, "fields": {"store": 8, "item": 2, "user": 2, "price": "1300.00", "image": "", "is_approved": true, "created_at": "2026-04-24T03:07:08.159Z"}}, {"model": "prices.price", "pk": 21, "fields": {"store": 9, "item": 2, "user": 2, "price": "1200.00", "image": "", "is_approved": true, "created_at": "2026-04-24T03:07:08.174Z"}}, {"model": "prices.price", "pk": 22, "fields": {"store": 10, "item": 2, "user": 2, "price": "1150.00", "image": "", "is_approved": true, "created_at": "2026-04-24T03:07:08.187Z"}}, {"model": "prices.price", "pk": 23, "fields": {"store": 11, "item": 2, "user": 3, "price": "1350.00", "image": "", "is_approved": true, "created_at": "2026-04-24T03:07:08.205Z"}}, {"model": "prices.price", "pk": 24, "fields": {"store": 12, "item": 2, "user": 3, "price": "1150.00", "image": "", "is_approved": true, "created_at": "2026-04-24T03:07:08.217Z"}}, {"model": "prices.price", "pk": 25, "fields": {"store": 1, "item": 3, "user": 3, "price": "950.00", "image": "", "is_approved": true, "created_at": "2026-04-24T03:07:08.231Z"}}, {"model": "prices.price", "pk": 26, "fields": {"store": 2, "item": 3, "user": 3, "price": "850.00", "image": "", "is_approved": true, "created_at": "2026-04-24T03:07:08.243Z"}}, {"model": "prices.price", "pk": 27, "fields": {"store": 3, "item": 3, "user": 3, "price": "950.00", "image": "", "is_approved": true, "created_at": "2026-04-24T03:07:08.255Z"}}, {"model": "prices.price", "pk": 28, "fields": {"store": 4, "item": 3, "user": 3, "price": "850.00", "image": "", "is_approved": true, "created_at": "2026-04-24T03:07:08.267Z"}}, {"model": "prices.price", "pk": 29, "fields": {"store": 5, "item": 3, "user": 2, "price": "1000.00", "image": "", "is_approved": true, "created_at": "2026-04-24T03:07:08.279Z"}}, {"model": "prices.price", "pk": 30, "fields": {"store": 6, "item": 3, "user": 3, "price": "950.00", "image": "", "is_approved": true, "created_at": "2026-04-24T03:07:08.292Z"}}, {"model": "prices.price", "pk": 31, "fields": {"store": 7, "item": 3, "user": 3, "price": "800.00", "image": "", "is_approved": true, "created_at": "2026-04-24T03:07:08.305Z"}}, {"model": "prices.price", "pk": 32, "fields": {"store": 8, "item": 3, "user": 2, "price": "850.00", "image": "", "is_approved": true, "created_at": "2026-04-24T03:07:08.316Z"}}, {"model": "prices.price", "pk": 33, "fields": {"store": 9, "item": 3, "user": 3, "price": "1000.00", "image": "", "is_approved": true, "created_at": "2026-04-24T03:07:08.327Z"}}, {"model": "prices.price", "pk": 34, "fields": {"store": 10, "item": 3, "user": 3, "price": "850.00", "image": "", "is_approved": true, "created_at": "2026-04-24T03:07:08.340Z"}}, {"model": "prices.price", "pk": 35, "fields": {"store": 11, "item": 3, "user": 3, "price": "900.00", "image": "", "is_approved": true, "created_at": "2026-04-24T03:07:08.352Z"}}, {"model": "prices.price", "pk": 36, "fields": {"store": 12, "item": 3, "user": 2, "price": "1000.00", "image": "", "is_approved": true, "created_at": "2026-04-24T03:07:08.366Z"}}, {"model": "prices.price", "pk": 37, "fields": {"store": 1, "item": 4, "user": 2, "price": "1450.00", "image": "", "is_approved": true, "created_at": "2026-04-24T03:07:08.379Z"}}, {"model": "prices.price", "pk": 38, "fields": {"store": 2, "item": 4, "user": 2, "price": "1450.00", "image": "", "is_approved": true, "created_at": "2026-04-24T03:07:08.391Z"}}, {"model": "prices.price", "pk": 39, "fields": {"store": 3, "item": 4, "user": 2, "price": "1450.00", "image": "", "is_approved": true, "created_at": "2026-04-24T03:07:08.403Z"}}, {"model": "prices.price", "pk": 40, "fields": {"store": 4, "item": 4, "user": 3, "price": "1750.00", "image": "", "is_approved": true, "created_at": "2026-04-24T03:07:08.416Z"}}, {"model": "prices.price", "pk": 41, "fields": {"store": 5, "item": 4, "user": 2, "price": "1300.00", "image": "", "is_approved": true, "created_at": "2026-04-24T03:07:08.432Z"}}, {"model": "prices.price", "pk": 42, "fields": {"store": 6, "item": 4, "user": 2, "price": "1650.00", "image": "", "is_approved": true, "created_at": "2026-04-24T03:07:08.445Z"}}, {"model": "prices.price", "pk": 43, "fields": {"store": 7, "item": 4, "user": 3, "price": "1700.00", "image": "", "is_approved": true, "created_at": "2026-04-24T03:07:08.459Z"}}, {"model": "prices.price", "pk": 44, "fields": {"store": 8, "item": 4, "user": 3, "price": "1350.00", "image": "", "is_approved": true, "created_at": "2026-04-24T03:07:08.471Z"}}, {"model": "prices.price", "pk": 45, "fields": {"store": 9, "item": 4, "user": 2, "price": "1750.00", "image": "", "is_approved": true, "created_at": "2026-04-24T03:07:08.484Z"}}, {"model": "prices.price", "pk": 46, "fields": {"store": 10, "item": 4, "user": 3, "price": "1450.00", "image": "", "is_approved": true, "created_at": "2026-04-24T03:07:08.498Z"}}, {"model": "prices.price", "pk": 47, "fields": {"store": 11, "item": 4, "user": 2, "price": "1750.00", "image": "", "is_approved": true, "created_at": "2026-04-24T03:07:08.511Z"}}, {"model": "prices.price", "pk": 48, "fields": {"store": 12, "item": 4, "user": 2, "price": "1400.00", "image": "", "is_approved": true, "created_at": "2026-04-24T03:07:08.524Z"}}, {"model": "prices.price", "pk": 49, "fields": {"store": 1, "item": 5, "user": 2, "price": "3150.00", "image": "", "is_approved": true, "created_at": "2026-04-24T03:07:08.538Z"}}, {"model": "prices.price", "pk": 50, "fields": {"store": 2, "item": 5, "user": 2, "price": "2600.00", "image": "", "is_approved": true, "created_at": "2026-04-24T03:07:08.552Z"}}, {"model": "prices.price", "pk": 51, "fields": {"store": 3, "item": 5, "user": 3, "price": "2600.00", "image": "", "is_approved": true, "created_at": "2026-04-24T03:07:08.566Z"}}, {"model": "prices.price", "pk": 52, "fields": {"store": 4, "item": 5, "user": 3, "price": "3100.00", "image": "", "is_approved": true, "created_at": "2026-04-24T03:07:08.578Z"}}, {"model": "prices.price", "pk": 53, "fields": {"store": 5, "item": 5, "user": 3, "price": "3100.00", "image": "", "is_approved": true, "created_at": "2026-04-24T03:07:08.590Z"}}, {"model": "prices.price", "pk": 54, "fields": {"store": 6, "item": 5, "user": 3, "price": "3350.00", "image": "", "is_approved": true, "created_at": "2026-04-24T03:07:08.603Z"}}, {"model": "prices.price", "pk": 55, "fields": {"store": 7, "item": 5, "user": 3, "price": "2650.00", "image": "", "is_approved": true, "created_at": "2026-04-24T03:07:08.617Z"}}, {"model": "prices.price", "pk": 56, "fields": {"store": 8, "item": 5, "user": 2, "price": "3000.00", "image": "", "is_approved": true, "created_at": "2026-04-24T03:07:08.631Z"}}, {"model": "prices.price", "pk": 57, "fields": {"store": 9, "item": 5, "user": 2, "price": "3250.00", "image": "", "is_approved": true, "created_at": "2026-04-24T03:07:08.646Z"}}, {"model": "prices.price", "pk": 58, "fields": {"store": 10, "item": 5, "user": 2, "price": "2950.00", "image": "", "is_approved": true, "created_at": "2026-04-24T03:07:08.660Z"}}, {"model": "prices.price", "pk": 59, "fields": {"store": 11, "item": 5, "user": 3, "price": "2750.00", "image": "", "is_approved": true, "created_at": "2026-04-24T03:07:08.673Z"}}, {"model": "prices.price", "pk": 60, "fields": {"store": 12, "item": 5, "user": 3, "price": "3000.00", "image": "", "is_approved": true, "created_at": "2026-04-24T03:07:08.686Z"}}, {"model": "prices.price", "pk": 61, "fields": {"store": 1, "item": 6, "user": 3, "price": "700.00", "image": "", "is_approved": true, "created_at": "2026-04-24T03:07:08.698Z"}}, {"model": "prices.price", "pk": 62, "fields": {"store": 2, "item": 6, "user": 2, "price": "550.00", "image": "", "is_approved": true, "created_at": "2026-04-24T03:07:08.713Z"}}, {"model": "prices.price", "pk": 63, "fields": {"store": 3, "item": 6, "user": 2, "price": "700.00", "image": "", "is_approved": true, "created_at": "2026-04-24T03:07:08.728Z"}}, {"model": "prices.price", "pk": 64, "fields": {"store": 4, "item": 6, "user": 2, "price": "600.00", "image": "", "is_approved": true, "created_at": "2026-04-24T03:07:08.740Z"}}, {"model": "prices.price", "pk": 65, "fields": {"store": 5, "item": 6, "user": 3, "price": "700.00", "image": "", "is_approved": true, "created_at": "2026-04-24T03:07:08.753Z"}}, {"model": "prices.price", "pk": 66, "fields": {"store": 6, "item": 6, "user": 3, "price": "700.00", "image": "", "is_approved": true, "created_at": "2026-04-24T03:07:08.768Z"}}, {"model": "prices.price", "pk": 67, "fields": {"store": 7, "item": 6, "user": 3, "price": "600.00", "image": "", "is_approved": true, "created_at": "2026-04-24T03:07:08.781Z"}}, {"model": "prices.price", "pk": 68, "fields": {"store": 8, "item": 6, "user": 2, "price": "550.00", "image": "", "is_approved": true, "created_at": "2026-04-24T03:07:08.797Z"}}, {"model": "prices.price", "pk": 69, "fields": {"store": 9, "item": 6, "user": 3, "price": "650.00", "image": "", "is_approved": true, "created_at": "2026-04-24T03:07:08.813Z"}}, {"model": "prices.price", "pk": 70, "fields": {"store": 10, "item": 6, "user": 2, "price": "500.00", "image": "", "is_approved": true, "created_at": "2026-04-24T03:07:08.826Z"}}, {"model": "prices.price", "pk": 71, "fields": {"store": 11, "item": 6, "user": 2, "price": "700.00", "image": "", "is_approved": true, "created_at": "2026-04-24T03:07:08.840Z"}}, {"model": "prices.price", "pk": 72, "fields": {"store": 12, "item": 6, "user": 2, "price": "650.00", "image": "", "is_approved": true, "created_at": "2026-04-24T03:07:08.852Z"}}, {"model": "prices.price", "pk": 73, "fields": {"store": 1, "item": 7, "user": 2, "price": "1800.00", "image": "", "is_approved": true, "created_at": "2026-04-24T03:07:08.867Z"}}, {"model": "prices.price", "pk": 74, "fields": {"store": 2, "item": 7, "user": 2, "price": "2100.00", "image": "", "is_approved": true, "created_at": "2026-04-24T03:07:08.879Z"}}, {"model": "prices.price", "pk": 75, "fields": {"store": 3, "item": 7, "user": 3, "price": "2150.00", "image": "", "is_approved": true, "created_at": "2026-04-24T03:07:08.893Z"}}, {"model": "prices.price", "pk": 76, "fields": {"store": 4, "item": 7, "user": 3, "price": "1850.00", "image": "", "is_approved": true, "created_at": "2026-04-24T03:07:08.906Z"}}, {"model": "prices.price", "pk": 77, "fields": {"store": 5, "item": 7, "user": 3, "price": "1900.00", "image": "", "is_approved": true, "created_at": "2026-04-24T03:07:08.918Z"}}, {"model": "prices.price", "pk": 78, "fields": {"store": 6, "item": 7, "user": 2, "price": "1900.00", "image": "", "is_approved": true, "created_at": "2026-04-24T03:07:08.931Z"}}, {"model": "prices.price", "pk": 79, "fields": {"store": 7, "item": 7, "user": 2, "price": "2000.00", "image": "", "is_approved": true, "created_at": "2026-04-24T03:07:08.944Z"}}, {"model": "prices.price", "pk": 80, "fields": {"store": 8, "item": 7, "user": 3, "price": "2100.00", "image": "", "is_approved": true, "created_at": "2026-04-24T03:07:08.956Z"}}, {"model": "prices.price", "pk": 81, "fields": {"store": 9, "item": 7, "user": 2, "price": "2350.00", "image": "", "is_approved": true, "created_at": "2026-04-24T03:07:08.968Z"}}, {"model": "prices.price", "pk": 82, "fields": {"store": 10, "item": 7, "user": 3, "price": "1950.00", "image": "", "is_approved": true, "created_at": "2026-04-24T03:07:08.984Z"}}, {"model": "prices.price", "pk": 83, "fields": {"store": 11, "item": 7, "user": 2, "price": "2200.00", "image": "", "is_approved": true, "created_at": "2026-04-24T03:07:08.998Z"}}, {"model": "prices.price", "pk": 84, "fields": {"store": 12, "item": 7, "user": 2, "price": "2250.00", "image": "", "is_approved": true, "created_at": "2026-04-24T03:07:09.014Z"}}, {"model": "prices.price", "pk": 85, "fields": {"store": 1, "item": 8, "user": 2, "price": "2350.00", "image": "", "is_approved": true, "created_at": "2026-04-24T03:07:09.026Z"}}, {"model": "prices.price", "pk": 86, "fields": {"store": 2, "item": 8, "user": 3, "price": "2600.00", "image": "", "is_approved": true, "created_at": "2026-04-24T03:07:09.040Z"}}, {"model": "prices.price", "pk": 87, "fields": {"store": 3, "item": 8, "user": 2, "price": "2300.00", "image": "", "is_approved": true, "created_at": "2026-04-24T03:07:09.052Z"}}, {"model": "prices.price", "pk": 88, "fields": {"store": 4, "item": 8, "user": 3, "price": "2700.00", "image": "", "is_approved": true, "created_at": "2026-04-24T03:07:09.065Z"}}, {"model": "prices.price", "pk": 89, "fields": {"store": 5, "item": 8, "user": 2, "price": "2900.00", "image": "", "is_approved": true, "created_at": "2026-04-24T03:07:09.079Z"}}, {"model": "prices.price", "pk": 90, "fields": {"store": 6, "item": 8, "user": 3, "price": "2700.00", "image": "", "is_approved": true, "created_at": "2026-04-24T03:07:09.186Z"}}, {"model": "prices.price", "pk": 91, "fields": {"store": 7, "item": 8, "user": 2, "price": "2150.00", "image": "", "is_approved": true, "created_at": "2026-04-24T03:07:09.200Z"}}, {"model": "prices.price", "pk": 92, "fields": {"store": 8, "item": 8, "user": 3, "price": "3000.00", "image": "", "is_approved": true, "created_at": "2026-04-24T03:07:09.212Z"}}, {"model": "prices.price", "pk": 93, "fields": {"store": 9, "item": 8, "user": 2, "price": "2750.00", "image": "", "is_approved": true, "created_at": "2026-04-24T03:07:09.224Z"}}, {"model": "prices.price", "pk": 94, "fields": {"store": 10, "item": 8, "user": 2, "price": "2200.00", "image": "", "is_approved": true, "created_at": "2026-04-24T03:07:09.237Z"}}, {"model": "prices.price", "pk": 95, "fields": {"store": 11, "item": 8, "user": 2, "price": "2150.00", "image": "", "is_approved": true, "created_at": "2026-04-24T03:07:09.250Z"}}, {"model": "prices.price", "pk": 96, "fields": {"store": 12, "item": 8, "user": 3, "price": "2250.00", "image": "", "is_approved": true, "created_at": "2026-04-24T03:07:09.262Z"}}, {"model": "prices.price", "pk": 97, "fields": {"store": 1, "item": 9, "user": 2, "price": "2100.00", "image": "", "is_approved": true, "created_at": "2026-04-24T03:07:09.274Z"}}, {"model": "prices.price", "pk": 98, "fields": {"store": 2, "item": 9, "user": 3, "price": "1600.00", "image": "", "is_approved": true, "created_at": "2026-04-24T03:07:09.286Z"}}, {"model": "prices.price", "pk": 99, "fields": {"store": 3, "item": 9, "user": 2, "price": "2000.00", "image": "", "is_approved": true, "created_at": "2026-04-24T03:07:09.298Z"}}, {"model": "prices.price", "pk": 100, "fields": {"store": 4, "item": 9, "user": 2, "price": "2150.00", "image": "", "is_approved": true, "created_at": "2026-04-24T03:07:09.312Z"}}, {"model": "prices.price", "pk": 101, "fields": {"store": 5, "item": 9, "user": 3, "price": "1550.00", "image": "", "is_approved": true, "created_at": "2026-04-24T03:07:09.324Z"}}, {"model": "prices.price", "pk": 102, "fields": {"store": 6, "item": 9, "user": 2, "price": "2050.00", "image": "", "is_approved": true, "created_at": "2026-04-24T03:07:09.336Z"}}, {"model": "prices.price", "pk": 103, "fields": {"store": 7, "item": 9, "user": 2, "price": "1650.00", "image": "", "is_approved": true, "created_at": "2026-04-24T03:07:09.350Z"}}, {"model": "prices.price", "pk": 104, "fields": {"store": 8, "item": 9, "user": 3, "price": "2100.00", "image": "", "is_approved": true, "created_at": "2026-04-24T03:07:09.363Z"}}, {"model": "prices.price", "pk": 105, "fields": {"store": 9, "item": 9, "user": 3, "price": "1650.00", "image": "", "is_approved": true, "created_at": "2026-04-24T03:07:09.378Z"}}, {"model": "prices.price", "pk": 106, "fields": {"store": 10, "item": 9, "user": 2, "price": "1700.00", "image": "", "is_approved": true, "created_at": "2026-04-24T03:07:09.390Z"}}, {"model": "prices.price", "pk": 107, "fields": {"store": 11, "item": 9, "user": 3, "price": "1550.00", "image": "", "is_approved": true, "created_at": "2026-04-24T03:07:09.404Z"}}, {"model": "prices.price", "pk": 108, "fields": {"store": 12, "item": 9, "user": 3, "price": "1700.00", "image": "", "is_approved": true, "created_at": "2026-04-24T03:07:09.416Z"}}, {"model": "prices.price", "pk": 109, "fields": {"store": 1, "item": 10, "user": 3, "price": "2350.00", "image": "", "is_approved": true, "created_at": "2026-04-24T03:07:09.428Z"}}, {"model": "prices.price", "pk": 110, "fields": {"store": 2, "item": 10, "user": 2, "price": "1950.00", "image": "", "is_approved": true, "created_at": "2026-04-24T03:07:09.442Z"}}, {"model": "prices.price", "pk": 111, "fields": {"store": 3, "item": 10, "user": 2, "price": "2600.00", "image": "", "is_approved": true, "created_at": "2026-04-24T03:07:09.455Z"}}, {"model": "prices.price", "pk": 112, "fields": {"store": 4, "item": 10, "user": 3, "price": "2350.00", "image": "", "is_approved": true, "created_at": "2026-04-24T03:07:09.468Z"}}, {"model": "prices.price", "pk": 113, "fields": {"store": 5, "item": 10, "user": 2, "price": "2350.00", "image": "", "is_approved": true, "created_at": "2026-04-24T03:07:09.482Z"}}, {"model": "prices.price", "pk": 114, "fields": {"store": 6, "item": 10, "user": 3, "price": "2550.00", "image": "", "is_approved": true, "created_at": "2026-04-24T03:07:09.496Z"}}, {"model": "prices.price", "pk": 115, "fields": {"store": 7, "item": 10, "user": 2, "price": "2400.00", "image": "", "is_approved": true, "created_at": "2026-04-24T03:07:09.510Z"}}, {"model": "prices.price", "pk": 116, "fields": {"store": 8, "item": 10, "user": 3, "price": "2200.00", "image": "", "is_approved": true, "created_at": "2026-04-24T03:07:09.522Z"}}, {"model": "prices.price", "pk": 117, "fields": {"store": 9, "item": 10, "user": 2, "price": "2100.00", "image": "", "is_approved": true, "created_at": "2026-04-24T03:07:09.534Z"}}, {"model": "prices.price", "pk": 118, "fields": {"store": 10, "item": 10, "user": 3, "price": "2550.00", "image": "", "is_approved": true, "created_at": "2026-04-24T03:07:09.546Z"}}, {"model": "prices.price", "pk": 119, "fields": {"store": 11, "item": 10, "user": 3, "price": "2200.00", "image": "", "is_approved": true, "created_at": "2026-04-24T03:07:09.560Z"}}, {"model": "prices.price", "pk": 120, "fields": {"store": 12, "item": 10, "user": 3, "price": "1950.00", "image": "", "is_approved": true, "created_at": "2026-04-24T03:07:09.572Z"}}, {"model": "prices.price", "pk": 121, "fields": {"store": 1, "item": 11, "user": 3, "price": "5550.00", "image": "", "is_approved": true, "created_at": "2026-04-24T03:07:09.586Z"}}, {"model": "prices.price", "pk": 122, "fields": {"store": 2, "item": 11, "user": 3, "price": "5200.00", "image": "", "is_approved": true, "created_at": "2026-04-24T03:07:09.598Z"}}, {"model": "prices.price", "pk": 123, "fields": {"store": 3, "item": 11, "user": 3, "price": "4600.00", "image": "", "is_approved": true, "created_at": "2026-04-24T03:07:09.616Z"}}, {"model": "prices.price", "pk": 124, "fields": {"store": 4, "item": 11, "user": 2, "price": "5000.00", "image": "", "is_approved": true, "created_at": "2026-04-24T03:07:09.628Z"}}, {"model": "prices.price", "pk": 125, "fields": {"store": 5, "item": 11, "user": 2, "price": "5100.00", "image": "", "is_approved": true, "created_at": "2026-04-24T03:07:09.643Z"}}, {"model": "prices.price", "pk": 126, "fields": {"store": 6, "item": 11, "user": 3, "price": "4400.00", "image": "", "is_approved": true, "created_at": "2026-04-24T03:07:09.656Z"}}, {"model": "prices.price", "pk": 127, "fields": {"store": 7, "item": 11, "user": 2, "price": "5700.00", "image": "", "is_approved": true, "created_at": "2026-04-24T03:07:09.668Z"}}, {"model": "prices.price", "pk": 128, "fields": {"store": 8, "item": 11, "user": 2, "price": "4800.00", "image": "", "is_approved": true, "created_at": "2026-04-24T03:07:09.680Z"}}, {"model": "prices.price", "pk": 129, "fields": {"store": 9, "item": 11, "user": 3, "price": "4300.00", "image": "", "is_approved": true, "created_at": "2026-04-24T03:07:09.692Z"}}, {"model": "prices.price", "pk": 130, "fields": {"store": 10, "item": 11, "user": 3, "price": "5750.00", "image": "", "is_approved": true, "created_at": "2026-04-24T03:07:09.704Z"}}, {"model": "prices.price", "pk": 131, "fields": {"store": 11, "item": 11, "user": 2, "price": "5800.00", "image": "", "is_approved": true, "created_at": "2026-04-24T03:07:09.717Z"}}, {"model": "prices.price", "pk": 132, "fields": {"store": 12, "item": 11, "user": 3, "price": "5450.00", "image": "", "is_approved": true, "created_at": "2026-04-24T03:07:09.729Z"}}, {"model": "prices.price", "pk": 133, "fields": {"store": 1, "item": 12, "user": 2, "price": "3150.00", "image": "", "is_approved": true, "created_at": "2026-04-24T03:07:09.742Z"}}, {"model": "prices.price", "pk": 134, "fields": {"store": 2, "item": 12, "user": 2, "price": "3950.00", "image": "", "is_approved": true, "created_at": "2026-04-24T03:07:09.754Z"}}, {"model": "prices.price", "pk": 135, "fields": {"store": 3, "item": 12, "user": 2, "price": "3600.00", "image": "", "is_approved": true, "created_at": "2026-04-24T03:07:09.768Z"}}, {"model": "prices.price", "pk": 136, "fields": {"store": 4, "item": 12, "user": 3, "price": "3550.00", "image": "", "is_approved": true, "created_at": "2026-04-24T03:07:09.780Z"}}, {"model": "prices.price", "pk": 137, "fields": {"store": 5, "item": 12, "user": 3, "price": "3650.00", "image": "", "is_approved": true, "created_at": "2026-04-24T03:07:09.793Z"}}, {"model": "prices.price", "pk": 138, "fields": {"store": 6, "item": 12, "user": 3, "price": "3750.00", "image": "", "is_approved": true, "created_at": "2026-04-24T03:07:09.807Z"}}, {"model": "prices.price", "pk": 139, "fields": {"store": 7, "item": 12, "user": 3, "price": "3500.00", "image": "", "is_approved": true, "created_at": "2026-04-24T03:07:09.820Z"}}, {"model": "prices.price", "pk": 140, "fields": {"store": 8, "item": 12, "user": 3, "price": "3300.00", "image": "", "is_approved": true, "created_at": "2026-04-24T03:07:09.834Z"}}, {"model": "prices.price", "pk": 141, "fields": {"store": 9, "item": 12, "user": 3, "price": "3550.00", "image": "", "is_approved": true, "created_at": "2026-04-24T03:07:09.847Z"}}, {"model": "prices.price", "pk": 142, "fields": {"store": 10, "item": 12, "user": 2, "price": "3050.00", "image": "", "is_approved": true, "created_at": "2026-04-24T03:07:09.860Z"}}, {"model": "prices.price", "pk": 143, "fields": {"store": 11, "item": 12, "user": 2, "price": "3400.00", "image": "", "is_approved": true, "created_at": "2026-04-24T03:07:09.873Z"}}, {"model": "prices.price", "pk": 144, "fields": {"store": 12, "item": 12, "user": 2, "price": "3150.00", "image": "", "is_approved": true, "created_at": "2026-04-24T03:07:09.885Z"}}, {"model": "prices.price", "pk": 145, "fields": {"store": 1, "item": 13, "user": 3, "price": "2600.00", "image": "", "is_approved": true, "created_at": "2026-04-24T03:07:09.897Z"}}, {"model": "prices.price", "pk": 146, "fields": {"store": 2, "item": 13, "user": 2, "price": "2900.00", "image": "", "is_approved": true, "created_at": "2026-04-24T03:07:09.910Z"}}, {"model": "prices.price", "pk": 147, "fields": {"store": 3, "item": 13, "user": 2, "price": "3200.00", "image": "", "is_approved": true, "created_at": "2026-04-24T03:07:09.923Z"}}, {"model": "prices.price", "pk": 148, "fields": {"store": 4, "item": 13, "user": 3, "price": "2750.00", "image": "", "is_approved": true, "created_at": "2026-04-24T03:07:09.936Z"}}, {"model": "prices.price", "pk": 149, "fields": {"store": 5, "item": 13, "user": 3, "price": "3100.00", "image": "", "is_approved": true, "created_at": "2026-04-24T03:07:09.950Z"}}, {"model": "prices.price", "pk": 150, "fields": {"store": 6, "item": 13, "user": 2, "price": "3100.00", "image": "", "is_approved": true, "created_at": "2026-04-24T03:07:09.964Z"}}, {"model": "prices.price", "pk": 151, "fields": {"store": 7, "item": 13, "user": 3, "price": "2600.00", "image": "", "is_approved": true, "created_at": "2026-04-24T03:07:09.975Z"}}, {"model": "prices.price", "pk": 152, "fields": {"store": 8, "item": 13, "user": 3, "price": "2750.00", "image": "", "is_approved": true, "created_at": "2026-04-24T03:07:09.990Z"}}, {"model": "prices.price", "pk": 153, "fields": {"store": 9, "item": 13, "user": 2, "price": "2550.00", "image": "", "is_approved": true, "created_at": "2026-04-24T03:07:10.003Z"}}, {"model": "prices.price", "pk": 154, "fields": {"store": 10, "item": 13, "user": 3, "price": "2900.00", "image": "", "is_approved": true, "created_at": "2026-04-24T03:07:10.015Z"}}, {"model": "prices.price", "pk": 155, "fields": {"store": 11, "item": 13, "user": 2, "price": "2950.00", "image": "", "is_approved": true, "created_at": "2026-04-24T03:07:10.117Z"}}, {"model": "prices.price", "pk": 156, "fields": {"store": 12, "item": 13, "user": 3, "price": "2800.00", "image": "", "is_approved": true, "created_at": "2026-04-24T03:07:10.130Z"}}, {"model": "prices.price", "pk": 157, "fields": {"store": 1, "item": 14, "user": 3, "price": "700.00", "image": "", "is_approved": true, "created_at": "2026-04-24T03:07:10.142Z"}}, {"model": "prices.price", "pk": 158, "fields": {"store": 2, "item": 14, "user": 3, "price": "800.00", "image": "", "is_approved": true, "created_at": "2026-04-24T03:07:10.156Z"}}, {"model": "prices.price", "pk": 159, "fields": {"store": 3, "item": 14, "user": 3, "price": "900.00", "image": "", "is_approved": true, "created_at": "2026-04-24T03:07:10.168Z"}}, {"model": "prices.price", "pk": 160, "fields": {"store": 4, "item": 14, "user": 2, "price": "900.00", "image": "", "is_approved": true, "created_at": "2026-04-24T03:07:10.180Z"}}, {"model": "prices.price", "pk": 161, "fields": {"store": 5, "item": 14, "user": 3, "price": "850.00", "image": "", "is_approved": true, "created_at": "2026-04-24T03:07:10.192Z"}}, {"model": "prices.price", "pk": 162, "fields": {"store": 6, "item": 14, "user": 2, "price": "850.00", "image": "", "is_approved": true, "created_at": "2026-04-24T03:07:10.205Z"}}, {"model": "prices.price", "pk": 163, "fields": {"store": 7, "item": 14, "user": 2, "price": "950.00", "image": "", "is_approved": true, "created_at": "2026-04-24T03:07:10.217Z"}}, {"model": "prices.price", "pk": 164, "fields": {"store": 8, "item": 14, "user": 3, "price": "700.00", "image": "", "is_approved": true, "created_at": "2026-04-24T03:07:10.231Z"}}, {"model": "prices.price", "pk": 165, "fields": {"store": 9, "item": 14, "user": 2, "price": "700.00", "image": "", "is_approved": true, "created_at": "2026-04-24T03:07:10.245Z"}}, {"model": "prices.price", "pk": 166, "fields": {"store": 10, "item": 14, "user": 3, "price": "900.00", "image": "", "is_approved": true, "created_at": "2026-04-24T03:07:10.259Z"}}, {"model": "prices.price", "pk": 167, "fields": {"store": 11, "item": 14, "user": 2, "price": "850.00", "image": "", "is_approved": true, "created_at": "2026-04-24T03:07:10.273Z"}}, {"model": "prices.price", "pk": 168, "fields": {"store": 12, "item": 14, "user": 2, "price": "950.00", "image": "", "is_approved": true, "created_at": "2026-04-24T03:07:10.286Z"}}, {"model": "prices.price", "pk": 169, "fields": {"store": 1, "item": 15, "user": 3, "price": "4750.00", "image": "", "is_approved": true, "created_at": "2026-04-24T03:07:10.299Z"}}, {"model": "prices.price", "pk": 170, "fields": {"store": 2, "item": 15, "user": 2, "price": "5300.00", "image": "", "is_approved": true, "created_at": "2026-04-24T03:07:10.311Z"}}, {"model": "prices.price", "pk": 171, "fields": {"store": 3, "item": 15, "user": 2, "price": "4900.00", "image": "", "is_approved": true, "created_at": "2026-04-24T03:07:10.324Z"}}, {"model": "prices.price", "pk": 172, "fields": {"store": 4, "item": 15, "user": 2, "price": "4900.00", "image": "", "is_approved": true, "created_at": "2026-04-24T03:07:10.337Z"}}, {"model": "prices.price", "pk": 173, "fields": {"store": 5, "item": 15, "user": 3, "price": "5050.00", "image": "", "is_approved": true, "created_at": "2026-04-24T03:07:10.353Z"}}, {"model": "prices.price", "pk": 174, "fields": {"store": 6, "item": 15, "user": 3, "price": "4400.00", "image": "", "is_approved": true, "created_at": "2026-04-24T03:07:10.366Z"}}, {"model": "prices.price", "pk": 175, "fields": {"store": 7, "item": 15, "user": 3, "price": "5150.00", "image": "", "is_approved": true, "created_at": "2026-04-24T03:07:10.380Z"}}, {"model": "prices.price", "pk": 176, "fields": {"store": 8, "item": 15, "user": 3, "price": "4500.00", "image": "", "is_approved": true, "created_at": "2026-04-24T03:07:10.393Z"}}, {"model": "prices.price", "pk": 177, "fields": {"store": 9, "item": 15, "user": 3, "price": "4050.00", "image": "", "is_approved": true, "created_at": "2026-04-24T03:07:10.412Z"}}, {"model": "prices.price", "pk": 178, "fields": {"store": 10, "item": 15, "user": 3, "price": "5100.00", "image": "", "is_approved": true, "created_at": "2026-04-24T03:07:10.427Z"}}, {"model": "prices.price", "pk": 179, "fields": {"store": 11, "item": 15, "user": 3, "price": "4500.00", "image": "", "is_approved": true, "created_at": "2026-04-24T03:07:10.440Z"}}, {"model": "prices.price", "pk": 180, "fields": {"store": 12, "item": 15, "user": 2, "price": "5150.00", "image": "", "is_approved": true, "created_at": "2026-04-24T03:07:10.453Z"}}, {"model": "prices.price", "pk": 181, "fields": {"store": 1, "item": 2, "user": 2, "price": "1350.00", "image": "", "is_approved": true, "created_at": "2026-04-24T03:12:43.319Z"}}, {"model": "prices.price", "pk": 182, "fields": {"store": 3, "item": 3, "user": 2, "price": "950.00", "image": "", "is_approved": true, "created_at": "2026-04-24T03:24:59.168Z"}}, {"model": "prices.price", "pk": 184, "fields": {"store": 85, "item": 4, "user": 1, "price": "1250.00", "image": "", "is_approved": true, "created_at": "2026-05-07T16:00:59.642Z"}}, {"model": "prices.price", "pk": 185, "fields": {"store": 85, "item": 4, "user": 1, "price": "1250.00", "image": "", "is_approved": true, "created_at": "2026-05-07T16:00:59.753Z"}}, {"model": "prices.price", "pk": 186, "fields": {"store": 86, "item": 4, "user": 1, "price": "1050.00", "image": "", "is_approved": true, "created_at": "2026-05-07T16:00:59.869Z"}}, {"model": "prices.price", "pk": 187, "fields": {"store": 87, "item": 4, "user": 1, "price": "1450.00", "image": "", "is_approved": true, "created_at": "2026-05-07T16:00:59.897Z"}}, {"model": "prices.price", "pk": 188, "fields": {"store": 88, "item": 4, "user": 1, "price": "1500.00", "image": "", "is_approved": true, "created_at": "2026-05-07T16:00:59.926Z"}}, {"model": "prices.price", "pk": 189, "fields": {"store": 85, "item": 4, "user": 1, "price": "1500.00", "image": "", "is_approved": true, "created_at": "2026-05-07T16:00:59.947Z"}}, {"model": "prices.price", "pk": 190, "fields": {"store": 89, "item": 14, "user": 1, "price": "1450.00", "image": "", "is_approved": true, "created_at": "2026-05-07T16:00:59.980Z"}}, {"model": "prices.price", "pk": 191, "fields": {"store": 87, "item": 14, "user": 1, "price": "1600.00", "image": "", "is_approved": true, "created_at": "2026-05-07T16:00:59.999Z"}}, {"model": "prices.price", "pk": 192, "fields": {"store": 85, "item": 14, "user": 1, "price": "1050.00", "image": "", "is_approved": true, "created_at": "2026-05-07T16:01:00.020Z"}}, {"model": "prices.price", "pk": 193, "fields": {"store": 85, "item": 14, "user": 1, "price": "1500.00", "image": "", "is_approved": true, "created_at": "2026-05-07T16:01:00.040Z"}}, {"model": "prices.price", "pk": 194, "fields": {"store": 87, "item": 1, "user": 1, "price": "1100.00", "image": "", "is_approved": true, "created_at": "2026-05-07T16:01:00.060Z"}}, {"model": "prices.price", "pk": 195, "fields": {"store": 88, "item": 1, "user": 1, "price": "1200.00", "image": "", "is_approved": true, "created_at": "2026-05-07T16:01:00.197Z"}}, {"model": "prices.price", "pk": 196, "fields": {"store": 85, "item": 1, "user": 1, "price": "1250.00", "image": "", "is_approved": true, "created_at": "2026-05-07T16:01:00.217Z"}}, {"model": "prices.price", "pk": 197, "fields": {"store": 89, "item": 1, "user": 1, "price": "1100.00", "image": "", "is_approved": true, "created_at": "2026-05-07T16:01:00.238Z"}}, {"model": "prices.price", "pk": 198, "fields": {"store": 86, "item": 1, "user": 1, "price": "1300.00", "image": "", "is_approved": true, "created_at": "2026-05-07T16:01:00.259Z"}}, {"model": "prices.price", "pk": 199, "fields": {"store": 89, "item": 1, "user": 1, "price": "1050.00", "image": "", "is_approved": true, "created_at": "2026-05-07T16:01:00.280Z"}}, {"model": "prices.price", "pk": 200, "fields": {"store": 87, "item": 10, "user": 1, "price": "2050.00", "image": "", "is_approved": true, "created_at": "2026-05-07T16:01:00.303Z"}}, {"model": "prices.price", "pk": 201, "fields": {"store": 89, "item": 10, "user": 1, "price": "3400.00", "image": "", "is_approved": true, "created_at": "2026-05-07T16:01:00.324Z"}}, {"model": "prices.price", "pk": 202, "fields": {"store": 87, "item": 10, "user": 1, "price": "3050.00", "image": "", "is_approved": true, "created_at": "2026-05-07T16:01:00.345Z"}}, {"model": "prices.price", "pk": 203, "fields": {"store": 86, "item": 10, "user": 1, "price": "3650.00", "image": "", "is_approved": true, "created_at": "2026-05-07T16:01:00.495Z"}}, {"model": "prices.price", "pk": 204, "fields": {"store": 87, "item": 10, "user": 1, "price": "3100.00", "image": "", "is_approved": true, "created_at": "2026-05-07T16:01:00.519Z"}}, {"model": "prices.price", "pk": 205, "fields": {"store": 85, "item": 6, "user": 1, "price": "800.00", "image": "", "is_approved": true, "created_at": "2026-05-07T16:01:00.540Z"}}, {"model": "prices.price", "pk": 206, "fields": {"store": 87, "item": 6, "user": 1, "price": "700.00", "image": "", "is_approved": true, "created_at": "2026-05-07T16:01:00.564Z"}}, {"model": "prices.price", "pk": 207, "fields": {"store": 86, "item": 6, "user": 1, "price": "700.00", "image": "", "is_approved": true, "created_at": "2026-05-07T16:01:00.584Z"}}, {"model": "prices.price", "pk": 208, "fields": {"store": 87, "item": 6, "user": 1, "price": "650.00", "image": "", "is_approved": true, "created_at": "2026-05-07T16:01:00.606Z"}}, {"model": "prices.price", "pk": 209, "fields": {"store": 85, "item": 6, "user": 1, "price": "600.00", "image": "", "is_approved": true, "created_at": "2026-05-07T16:01:00.630Z"}}, {"model": "prices.price", "pk": 210, "fields": {"store": 88, "item": 6, "user": 1, "price": "600.00", "image": "", "is_approved": true, "created_at": "2026-05-07T16:01:00.651Z"}}, {"model": "prices.price", "pk": 211, "fields": {"store": 89, "item": 9, "user": 1, "price": "1550.00", "image": "", "is_approved": true, "created_at": "2026-05-07T16:01:00.676Z"}}, {"model": "prices.price", "pk": 212, "fields": {"store": 88, "item": 9, "user": 1, "price": "3000.00", "image": "", "is_approved": true, "created_at": "2026-05-07T16:01:00.695Z"}}, {"model": "prices.price", "pk": 213, "fields": {"store": 87, "item": 9, "user": 1, "price": "1600.00", "image": "", "is_approved": true, "created_at": "2026-05-07T16:01:00.715Z"}}, {"model": "prices.price", "pk": 214, "fields": {"store": 86, "item": 9, "user": 1, "price": "2800.00", "image": "", "is_approved": true, "created_at": "2026-05-07T16:01:00.736Z"}}, {"model": "prices.price", "pk": 215, "fields": {"store": 89, "item": 9, "user": 1, "price": "2100.00", "image": "", "is_approved": true, "created_at": "2026-05-07T16:01:00.757Z"}}, {"model": "prices.price", "pk": 216, "fields": {"store": 87, "item": 7, "user": 1, "price": "700.00", "image": "", "is_approved": true, "created_at": "2026-05-07T16:01:00.780Z"}}, {"model": "prices.price", "pk": 217, "fields": {"store": 86, "item": 7, "user": 1, "price": "700.00", "image": "", "is_approved": true, "created_at": "2026-05-07T16:01:00.911Z"}}, {"model": "prices.price", "pk": 218, "fields": {"store": 86, "item": 7, "user": 1, "price": "1150.00", "image": "", "is_approved": true, "created_at": "2026-05-07T16:01:00.933Z"}}, {"model": "prices.price", "pk": 219, "fields": {"store": 87, "item": 7, "user": 1, "price": "1150.00", "image": "", "is_approved": true, "created_at": "2026-05-07T16:01:00.954Z"}}, {"model": "prices.price", "pk": 220, "fields": {"store": 86, "item": 7, "user": 1, "price": "1400.00", "image": "", "is_approved": true, "created_at": "2026-05-07T16:01:00.978Z"}}, {"model": "prices.price", "pk": 221, "fields": {"store": 86, "item": 7, "user": 1, "price": "1500.00", "image": "", "is_approved": true, "created_at": "2026-05-07T16:01:00.999Z"}}, {"model": "prices.price", "pk": 222, "fields": {"store": 86, "item": 2, "user": 1, "price": "1550.00", "image": "", "is_approved": true, "created_at": "2026-05-07T16:01:01.020Z"}}, {"model": "prices.price", "pk": 223, "fields": {"store": 85, "item": 2, "user": 1, "price": "1600.00", "image": "", "is_approved": true, "created_at": "2026-05-07T16:01:01.136Z"}}, {"model": "prices.price", "pk": 224, "fields": {"store": 88, "item": 2, "user": 1, "price": "1750.00", "image": "", "is_approved": true, "created_at": "2026-05-07T16:01:01.168Z"}}, {"model": "prices.price", "pk": 225, "fields": {"store": 86, "item": 2, "user": 1, "price": "1550.00", "image": "", "is_approved": true, "created_at": "2026-05-07T16:01:01.198Z"}}, {"model": "prices.price", "pk": 226, "fields": {"store": 86, "item": 2, "user": 1, "price": "1850.00", "image": "", "is_approved": true, "created_at": "2026-05-07T16:01:01.222Z"}}, {"model": "prices.price", "pk": 227, "fields": {"store": 87, "item": 3, "user": 1, "price": "1750.00", "image": "", "is_approved": true, "created_at": "2026-05-07T16:01:01.244Z"}}, {"model": "prices.price", "pk": 228, "fields": {"store": 87, "item": 3, "user": 1, "price": "1650.00", "image": "", "is_approved": true, "created_at": "2026-05-07T16:01:01.266Z"}}, {"model": "prices.price", "pk": 229, "fields": {"store": 87, "item": 3, "user": 1, "price": "1700.00", "image": "", "is_approved": true, "created_at": "2026-05-07T16:01:01.289Z"}}, {"model": "prices.price", "pk": 230, "fields": {"store": 86, "item": 3, "user": 1, "price": "1200.00", "image": "", "is_approved": true, "created_at": "2026-05-07T16:01:01.309Z"}}, {"model": "prices.price", "pk": 231, "fields": {"store": 89, "item": 3, "user": 1, "price": "1600.00", "image": "", "is_approved": true, "created_at": "2026-05-07T16:01:01.327Z"}}, {"model": "prices.price", "pk": 232, "fields": {"store": 87, "item": 3, "user": 1, "price": "2050.00", "image": "", "is_approved": true, "created_at": "2026-05-07T16:01:01.345Z"}}, {"model": "prices.price", "pk": 233, "fields": {"store": 87, "item": 5, "user": 1, "price": "1100.00", "image": "", "is_approved": true, "created_at": "2026-05-07T16:01:01.365Z"}}, {"model": "prices.price", "pk": 234, "fields": {"store": 88, "item": 5, "user": 1, "price": "1150.00", "image": "", "is_approved": true, "created_at": "2026-05-07T16:01:01.384Z"}}, {"model": "prices.price", "pk": 235, "fields": {"store": 85, "item": 5, "user": 1, "price": "800.00", "image": "", "is_approved": true, "created_at": "2026-05-07T16:01:01.405Z"}}, {"model": "prices.price", "pk": 236, "fields": {"store": 89, "item": 8, "user": 1, "price": "1400.00", "image": "", "is_approved": true, "created_at": "2026-05-07T16:01:01.426Z"}}, {"model": "prices.price", "pk": 237, "fields": {"store": 87, "item": 8, "user": 1, "price": "950.00", "image": "", "is_approved": true, "created_at": "2026-05-07T16:01:01.446Z"}}, {"model": "prices.price", "pk": 238, "fields": {"store": 89, "item": 8, "user": 1, "price": "1450.00", "image": "", "is_approved": true, "created_at": "2026-05-07T16:01:01.465Z"}}, {"model": "scraper.scrapingjob", "pk": 1, "fields": {"state": "Lagos", "source": "synthetic", "status": "done", "created_by": 1, "created_at": "2026-05-07T15:59:18.546Z", "started_at": "2026-05-07T15:59:18.608Z", "completed_at": "2026-05-07T15:59:18.640Z", "items_found": 67, "items_imported": 0, "log_text": "Generated 67 synthetic price records for Lagos"}}, {"model": "scraper.scrapingjob", "pk": 2, "fields": {"state": "Kano", "source": "jiji", "status": "done", "created_by": 1, "created_at": "2026-05-07T15:59:34.559Z", "started_at": "2026-05-07T15:59:34.625Z", "completed_at": "2026-05-07T15:59:34.834Z", "items_found": 0, "items_imported": 0, "log_text": "Fetching page 1: https://jiji.ng/kano/food-agriculture-items?page=1\nRequest failed (page 1): 403 Client Error: Forbidden for url: https://jiji.ng/kano/food-agriculture-items?page=1\nTotal scraped: 0"}}, {"model": "scraper.scrapingjob", "pk": 3, "fields": {"state": "Oyo", "source": "synthetic", "status": "done", "created_by": 1, "created_at": "2026-05-07T16:00:56.251Z", "started_at": "2026-05-07T16:00:56.311Z", "completed_at": "2026-05-07T16:00:56.343Z", "items_found": 71, "items_imported": 55, "log_text": "Generated 71 synthetic price records for Oyo"}}, {"model": "scraper.scrapingjob", "pk": 4, "fields": {"state": "Enugu", "source": "synthetic", "status": "done", "created_by": 1, "created_at": "2026-05-14T10:59:23.621Z", "started_at": "2026-05-14T10:59:23.673Z", "completed_at": "2026-05-14T10:59:23.866Z", "items_found": 63, "items_imported": 0, "log_text": "Generated 63 synthetic price records for Enugu"}}, {"model": "scraper.scrapedprice", "pk": 1, "fields": {"job": 1, "raw_item_name": "Garri", "raw_store_name": "Oshodi Market", "raw_price": "1300.00", "raw_city": "Lagos", "source_url": "", "matched_item": null, "matched_store": null, "is_imported": false, "scraped_at": "2026-05-07T15:59:18.625Z"}}, {"model": "scraper.scrapedprice", "pk": 2, "fields": {"job": 1, "raw_item_name": "Garri", "raw_store_name": "Agege Market", "raw_price": "950.00", "raw_city": "Lagos", "source_url": "", "matched_item": null, "matched_store": null, "is_imported": false, "scraped_at": "2026-05-07T15:59:18.625Z"}}, {"model": "scraper.scrapedprice", "pk": 3, "fields": {"job": 1, "raw_item_name": "Garri", "raw_store_name": "Balogun Market", "raw_price": "1500.00", "raw_city": "Lagos", "source_url": "", "matched_item": null, "matched_store": null, "is_imported": false, "scraped_at": "2026-05-07T15:59:18.625Z"}}, {"model": "scraper.scrapedprice", "pk": 4, "fields": {"job": 1, "raw_item_name": "Garri", "raw_store_name": "Oshodi Market", "raw_price": "1100.00", "raw_city": "Lagos", "source_url": "", "matched_item": null, "matched_store": null, "is_imported": false, "scraped_at": "2026-05-07T15:59:18.625Z"}}, {"model": "scraper.scrapedprice", "pk": 5, "fields": {"job": 1, "raw_item_name": "Rice", "raw_store_name": "Oyingbo Market", "raw_price": "1700.00", "raw_city": "Lagos", "source_url": "", "matched_item": null, "matched_store": null, "is_imported": false, "scraped_at": "2026-05-07T15:59:18.625Z"}}, {"model": "scraper.scrapedprice", "pk": 6, "fields": {"job": 1, "raw_item_name": "Rice", "raw_store_name": "Agege Market", "raw_price": "1850.00", "raw_city": "Lagos", "source_url": "", "matched_item": null, "matched_store": null, "is_imported": false, "scraped_at": "2026-05-07T15:59:18.625Z"}}, {"model": "scraper.scrapedprice", "pk": 7, "fields": {"job": 1, "raw_item_name": "Rice", "raw_store_name": "Balogun Market", "raw_price": "1550.00", "raw_city": "Lagos", "source_url": "", "matched_item": null, "matched_store": null, "is_imported": false, "scraped_at": "2026-05-07T15:59:18.625Z"}}, {"model": "scraper.scrapedprice", "pk": 8, "fields": {"job": 1, "raw_item_name": "Rice", "raw_store_name": "Agege Market", "raw_price": "2250.00", "raw_city": "Lagos", "source_url": "", "matched_item": null, "matched_store": null, "is_imported": false, "scraped_at": "2026-05-07T15:59:18.626Z"}}, {"model": "scraper.scrapedprice", "pk": 9, "fields": {"job": 1, "raw_item_name": "Beans", "raw_store_name": "Balogun Market", "raw_price": "1200.00", "raw_city": "Lagos", "source_url": "", "matched_item": null, "matched_store": null, "is_imported": false, "scraped_at": "2026-05-07T15:59:18.626Z"}}, {"model": "scraper.scrapedprice", "pk": 10, "fields": {"job": 1, "raw_item_name": "Beans", "raw_store_name": "Mile 12 Market", "raw_price": "1500.00", "raw_city": "Lagos", "source_url": "", "matched_item": null, "matched_store": null, "is_imported": false, "scraped_at": "2026-05-07T15:59:18.626Z"}}, {"model": "scraper.scrapedprice", "pk": 11, "fields": {"job": 1, "raw_item_name": "Beans", "raw_store_name": "Mile 12 Market", "raw_price": "1000.00", "raw_city": "Lagos", "source_url": "", "matched_item": null, "matched_store": null, "is_imported": false, "scraped_at": "2026-05-07T15:59:18.626Z"}}, {"model": "scraper.scrapedprice", "pk": 12, "fields": {"job": 1, "raw_item_name": "Beans", "raw_store_name": "Agege Market", "raw_price": "1550.00", "raw_city": "Lagos", "source_url": "", "matched_item": null, "matched_store": null, "is_imported": false, "scraped_at": "2026-05-07T15:59:18.626Z"}}, {"model": "scraper.scrapedprice", "pk": 13, "fields": {"job": 1, "raw_item_name": "Tomatoes", "raw_store_name": "Oyingbo Market", "raw_price": "1400.00", "raw_city": "Lagos", "source_url": "", "matched_item": null, "matched_store": null, "is_imported": false, "scraped_at": "2026-05-07T15:59:18.626Z"}}, {"model": "scraper.scrapedprice", "pk": 14, "fields": {"job": 1, "raw_item_name": "Tomatoes", "raw_store_name": "Oyingbo Market", "raw_price": "1350.00", "raw_city": "Lagos", "source_url": "", "matched_item": null, "matched_store": null, "is_imported": false, "scraped_at": "2026-05-07T15:59:18.626Z"}}, {"model": "scraper.scrapedprice", "pk": 15, "fields": {"job": 1, "raw_item_name": "Tomatoes", "raw_store_name": "Oyingbo Market", "raw_price": "1200.00", "raw_city": "Lagos", "source_url": "", "matched_item": null, "matched_store": null, "is_imported": false, "scraped_at": "2026-05-07T15:59:18.626Z"}}, {"model": "scraper.scrapedprice", "pk": 16, "fields": {"job": 1, "raw_item_name": "Tomatoes", "raw_store_name": "Mile 12 Market", "raw_price": "1050.00", "raw_city": "Lagos", "source_url": "", "matched_item": null, "matched_store": null, "is_imported": false, "scraped_at": "2026-05-07T15:59:18.626Z"}}, {"model": "scraper.scrapedprice", "pk": 17, "fields": {"job": 1, "raw_item_name": "Tomatoes", "raw_store_name": "Oyingbo Market", "raw_price": "1250.00", "raw_city": "Lagos", "source_url": "", "matched_item": null, "matched_store": null, "is_imported": false, "scraped_at": "2026-05-07T15:59:18.626Z"}}, {"model": "scraper.scrapedprice", "pk": 18, "fields": {"job": 1, "raw_item_name": "Palm Oil", "raw_store_name": "Balogun Market", "raw_price": "3550.00", "raw_city": "Lagos", "source_url": "", "matched_item": null, "matched_store": null, "is_imported": false, "scraped_at": "2026-05-07T15:59:18.626Z"}}, {"model": "scraper.scrapedprice", "pk": 19, "fields": {"job": 1, "raw_item_name": "Palm Oil", "raw_store_name": "Oyingbo Market", "raw_price": "2950.00", "raw_city": "Lagos", "source_url": "", "matched_item": null, "matched_store": null, "is_imported": false, "scraped_at": "2026-05-07T15:59:18.626Z"}}, {"model": "scraper.scrapedprice", "pk": 20, "fields": {"job": 1, "raw_item_name": "Palm Oil", "raw_store_name": "Mile 12 Market", "raw_price": "2200.00", "raw_city": "Lagos", "source_url": "", "matched_item": null, "matched_store": null, "is_imported": false, "scraped_at": "2026-05-07T15:59:18.626Z"}}, {"model": "scraper.scrapedprice", "pk": 21, "fields": {"job": 1, "raw_item_name": "Palm Oil", "raw_store_name": "Oshodi Market", "raw_price": "2050.00", "raw_city": "Lagos", "source_url": "", "matched_item": null, "matched_store": null, "is_imported": false, "scraped_at": "2026-05-07T15:59:18.626Z"}}, {"model": "scraper.scrapedprice", "pk": 22, "fields": {"job": 1, "raw_item_name": "Palm Oil", "raw_store_name": "Balogun Market", "raw_price": "3050.00", "raw_city": "Lagos", "source_url": "", "matched_item": null, "matched_store": null, "is_imported": false, "scraped_at": "2026-05-07T15:59:18.626Z"}}, {"model": "scraper.scrapedprice", "pk": 23, "fields": {"job": 1, "raw_item_name": "Onions", "raw_store_name": "Oyingbo Market", "raw_price": "950.00", "raw_city": "Lagos", "source_url": "", "matched_item": null, "matched_store": null, "is_imported": false, "scraped_at": "2026-05-07T15:59:18.626Z"}}, {"model": "scraper.scrapedprice", "pk": 24, "fields": {"job": 1, "raw_item_name": "Onions", "raw_store_name": "Oshodi Market", "raw_price": "1150.00", "raw_city": "Lagos", "source_url": "", "matched_item": null, "matched_store": null, "is_imported": false, "scraped_at": "2026-05-07T15:59:18.626Z"}}, {"model": "scraper.scrapedprice", "pk": 25, "fields": {"job": 1, "raw_item_name": "Onions", "raw_store_name": "Agege Market", "raw_price": "1000.00", "raw_city": "Lagos", "source_url": "", "matched_item": null, "matched_store": null, "is_imported": false, "scraped_at": "2026-05-07T15:59:18.626Z"}}, {"model": "scraper.scrapedprice", "pk": 26, "fields": {"job": 1, "raw_item_name": "Onions", "raw_store_name": "Oshodi Market", "raw_price": "750.00", "raw_city": "Lagos", "source_url": "", "matched_item": null, "matched_store": null, "is_imported": false, "scraped_at": "2026-05-07T15:59:18.626Z"}}, {"model": "scraper.scrapedprice", "pk": 27, "fields": {"job": 1, "raw_item_name": "Onions", "raw_store_name": "Agege Market", "raw_price": "750.00", "raw_city": "Lagos", "source_url": "", "matched_item": null, "matched_store": null, "is_imported": false, "scraped_at": "2026-05-07T15:59:18.626Z"}}, {"model": "scraper.scrapedprice", "pk": 28, "fields": {"job": 1, "raw_item_name": "Groundnut Oil", "raw_store_name": "Balogun Market", "raw_price": "2950.00", "raw_city": "Lagos", "source_url": "", "matched_item": null, "matched_store": null, "is_imported": false, "scraped_at": "2026-05-07T15:59:18.626Z"}}, {"model": "scraper.scrapedprice", "pk": 29, "fields": {"job": 1, "raw_item_name": "Groundnut Oil", "raw_store_name": "Oshodi Market", "raw_price": "2850.00", "raw_city": "Lagos", "source_url": "", "matched_item": null, "matched_store": null, "is_imported": false, "scraped_at": "2026-05-07T15:59:18.626Z"}}, {"model": "scraper.scrapedprice", "pk": 30, "fields": {"job": 1, "raw_item_name": "Groundnut Oil", "raw_store_name": "Oshodi Market", "raw_price": "2900.00", "raw_city": "Lagos", "source_url": "", "matched_item": null, "matched_store": null, "is_imported": false, "scraped_at": "2026-05-07T15:59:18.626Z"}}, {"model": "scraper.scrapedprice", "pk": 31, "fields": {"job": 1, "raw_item_name": "Yam", "raw_store_name": "Balogun Market", "raw_price": "1050.00", "raw_city": "Lagos", "source_url": "", "matched_item": null, "matched_store": null, "is_imported": false, "scraped_at": "2026-05-07T15:59:18.626Z"}}, {"model": "scraper.scrapedprice", "pk": 32, "fields": {"job": 1, "raw_item_name": "Yam", "raw_store_name": "Oyingbo Market", "raw_price": "1500.00", "raw_city": "Lagos", "source_url": "", "matched_item": null, "matched_store": null, "is_imported": false, "scraped_at": "2026-05-07T15:59:18.626Z"}}, {"model": "scraper.scrapedprice", "pk": 33, "fields": {"job": 1, "raw_item_name": "Yam", "raw_store_name": "Oshodi Market", "raw_price": "1150.00", "raw_city": "Lagos", "source_url": "", "matched_item": null, "matched_store": null, "is_imported": false, "scraped_at": "2026-05-07T15:59:18.626Z"}}, {"model": "scraper.scrapedprice", "pk": 34, "fields": {"job": 1, "raw_item_name": "Yam", "raw_store_name": "Mile 12 Market", "raw_price": "1050.00", "raw_city": "Lagos", "source_url": "", "matched_item": null, "matched_store": null, "is_imported": false, "scraped_at": "2026-05-07T15:59:18.626Z"}}, {"model": "scraper.scrapedprice", "pk": 35, "fields": {"job": 1, "raw_item_name": "Yam", "raw_store_name": "Agege Market", "raw_price": "950.00", "raw_city": "Lagos", "source_url": "", "matched_item": null, "matched_store": null, "is_imported": false, "scraped_at": "2026-05-07T15:59:18.626Z"}}, {"model": "scraper.scrapedprice", "pk": 36, "fields": {"job": 1, "raw_item_name": "Yam", "raw_store_name": "Oshodi Market", "raw_price": "1450.00", "raw_city": "Lagos", "source_url": "", "matched_item": null, "matched_store": null, "is_imported": false, "scraped_at": "2026-05-07T15:59:18.626Z"}}, {"model": "scraper.scrapedprice", "pk": 37, "fields": {"job": 1, "raw_item_name": "Plantain", "raw_store_name": "Balogun Market", "raw_price": "1150.00", "raw_city": "Lagos", "source_url": "", "matched_item": null, "matched_store": null, "is_imported": false, "scraped_at": "2026-05-07T15:59:18.626Z"}}, {"model": "scraper.scrapedprice", "pk": 38, "fields": {"job": 1, "raw_item_name": "Plantain", "raw_store_name": "Balogun Market", "raw_price": "850.00", "raw_city": "Lagos", "source_url": "", "matched_item": null, "matched_store": null, "is_imported": false, "scraped_at": "2026-05-07T15:59:18.626Z"}}, {"model": "scraper.scrapedprice", "pk": 39, "fields": {"job": 1, "raw_item_name": "Plantain", "raw_store_name": "Mile 12 Market", "raw_price": "1400.00", "raw_city": "Lagos", "source_url": "", "matched_item": null, "matched_store": null, "is_imported": false, "scraped_at": "2026-05-07T15:59:18.626Z"}}, {"model": "scraper.scrapedprice", "pk": 40, "fields": {"job": 1, "raw_item_name": "Plantain", "raw_store_name": "Oshodi Market", "raw_price": "1150.00", "raw_city": "Lagos", "source_url": "", "matched_item": null, "matched_store": null, "is_imported": false, "scraped_at": "2026-05-07T15:59:18.626Z"}}, {"model": "scraper.scrapedprice", "pk": 41, "fields": {"job": 1, "raw_item_name": "Plantain", "raw_store_name": "Balogun Market", "raw_price": "1250.00", "raw_city": "Lagos", "source_url": "", "matched_item": null, "matched_store": null, "is_imported": false, "scraped_at": "2026-05-07T15:59:18.626Z"}}, {"model": "scraper.scrapedprice", "pk": 42, "fields": {"job": 1, "raw_item_name": "Bread", "raw_store_name": "Balogun Market", "raw_price": "1200.00", "raw_city": "Lagos", "source_url": "", "matched_item": null, "matched_store": null, "is_imported": false, "scraped_at": "2026-05-07T15:59:18.626Z"}}, {"model": "scraper.scrapedprice", "pk": 43, "fields": {"job": 1, "raw_item_name": "Bread", "raw_store_name": "Oshodi Market", "raw_price": "2300.00", "raw_city": "Lagos", "source_url": "", "matched_item": null, "matched_store": null, "is_imported": false, "scraped_at": "2026-05-07T15:59:18.626Z"}}, {"model": "scraper.scrapedprice", "pk": 44, "fields": {"job": 1, "raw_item_name": "Bread", "raw_store_name": "Agege Market", "raw_price": "1200.00", "raw_city": "Lagos", "source_url": "", "matched_item": null, "matched_store": null, "is_imported": false, "scraped_at": "2026-05-07T15:59:18.626Z"}}, {"model": "scraper.scrapedprice", "pk": 45, "fields": {"job": 1, "raw_item_name": "Bread", "raw_store_name": "Mile 12 Market", "raw_price": "1200.00", "raw_city": "Lagos", "source_url": "", "matched_item": null, "matched_store": null, "is_imported": false, "scraped_at": "2026-05-07T15:59:18.626Z"}}, {"model": "scraper.scrapedprice", "pk": 46, "fields": {"job": 1, "raw_item_name": "Bread", "raw_store_name": "Balogun Market", "raw_price": "2300.00", "raw_city": "Lagos", "source_url": "", "matched_item": null, "matched_store": null, "is_imported": false, "scraped_at": "2026-05-07T15:59:18.626Z"}}, {"model": "scraper.scrapedprice", "pk": 47, "fields": {"job": 1, "raw_item_name": "Bread", "raw_store_name": "Oshodi Market", "raw_price": "1800.00", "raw_city": "Lagos", "source_url": "", "matched_item": null, "matched_store": null, "is_imported": false, "scraped_at": "2026-05-07T15:59:18.626Z"}}, {"model": "scraper.scrapedprice", "pk": 48, "fields": {"job": 1, "raw_item_name": "Sugar", "raw_store_name": "Mile 12 Market", "raw_price": "1350.00", "raw_city": "Lagos", "source_url": "", "matched_item": null, "matched_store": null, "is_imported": false, "scraped_at": "2026-05-07T15:59:18.626Z"}}, {"model": "scraper.scrapedprice", "pk": 49, "fields": {"job": 1, "raw_item_name": "Sugar", "raw_store_name": "Oshodi Market", "raw_price": "1750.00", "raw_city": "Lagos", "source_url": "", "matched_item": null, "matched_store": null, "is_imported": false, "scraped_at": "2026-05-07T15:59:18.626Z"}}, {"model": "scraper.scrapedprice", "pk": 50, "fields": {"job": 1, "raw_item_name": "Sugar", "raw_store_name": "Oshodi Market", "raw_price": "2000.00", "raw_city": "Lagos", "source_url": "", "matched_item": null, "matched_store": null, "is_imported": false, "scraped_at": "2026-05-07T15:59:18.626Z"}}, {"model": "scraper.scrapedprice", "pk": 51, "fields": {"job": 1, "raw_item_name": "Salt", "raw_store_name": "Balogun Market", "raw_price": "450.00", "raw_city": "Lagos", "source_url": "", "matched_item": null, "matched_store": null, "is_imported": false, "scraped_at": "2026-05-07T15:59:18.626Z"}}, {"model": "scraper.scrapedprice", "pk": 52, "fields": {"job": 1, "raw_item_name": "Salt", "raw_store_name": "Oshodi Market", "raw_price": "350.00", "raw_city": "Lagos", "source_url": "", "matched_item": null, "matched_store": null, "is_imported": false, "scraped_at": "2026-05-07T15:59:18.626Z"}}, {"model": "scraper.scrapedprice", "pk": 53, "fields": {"job": 1, "raw_item_name": "Salt", "raw_store_name": "Oyingbo Market", "raw_price": "450.00", "raw_city": "Lagos", "source_url": "", "matched_item": null, "matched_store": null, "is_imported": false, "scraped_at": "2026-05-07T15:59:18.626Z"}}, {"model": "scraper.scrapedprice", "pk": 54, "fields": {"job": 1, "raw_item_name": "Salt", "raw_store_name": "Agege Market", "raw_price": "600.00", "raw_city": "Lagos", "source_url": "", "matched_item": null, "matched_store": null, "is_imported": false, "scraped_at": "2026-05-07T15:59:18.626Z"}}, {"model": "scraper.scrapedprice", "pk": 55, "fields": {"job": 1, "raw_item_name": "Salt", "raw_store_name": "Agege Market", "raw_price": "250.00", "raw_city": "Lagos", "source_url": "", "matched_item": null, "matched_store": null, "is_imported": false, "scraped_at": "2026-05-07T15:59:18.626Z"}}, {"model": "scraper.scrapedprice", "pk": 56, "fields": {"job": 1, "raw_item_name": "Pepper", "raw_store_name": "Agege Market", "raw_price": "1550.00", "raw_city": "Lagos", "source_url": "", "matched_item": null, "matched_store": null, "is_imported": false, "scraped_at": "2026-05-07T15:59:18.626Z"}}, {"model": "scraper.scrapedprice", "pk": 57, "fields": {"job": 1, "raw_item_name": "Pepper", "raw_store_name": "Oshodi Market", "raw_price": "1850.00", "raw_city": "Lagos", "source_url": "", "matched_item": null, "matched_store": null, "is_imported": false, "scraped_at": "2026-05-07T15:59:18.626Z"}}, {"model": "scraper.scrapedprice", "pk": 58, "fields": {"job": 1, "raw_item_name": "Pepper", "raw_store_name": "Agege Market", "raw_price": "1450.00", "raw_city": "Lagos", "source_url": "", "matched_item": null, "matched_store": null, "is_imported": false, "scraped_at": "2026-05-07T15:59:18.626Z"}}, {"model": "scraper.scrapedprice", "pk": 59, "fields": {"job": 1, "raw_item_name": "Pepper", "raw_store_name": "Agege Market", "raw_price": "1700.00", "raw_city": "Lagos", "source_url": "", "matched_item": null, "matched_store": null, "is_imported": false, "scraped_at": "2026-05-07T15:59:18.626Z"}}, {"model": "scraper.scrapedprice", "pk": 60, "fields": {"job": 1, "raw_item_name": "Vegetable Oil", "raw_store_name": "Mile 12 Market", "raw_price": "2700.00", "raw_city": "Lagos", "source_url": "", "matched_item": null, "matched_store": null, "is_imported": false, "scraped_at": "2026-05-07T15:59:18.626Z"}}, {"model": "scraper.scrapedprice", "pk": 61, "fields": {"job": 1, "raw_item_name": "Vegetable Oil", "raw_store_name": "Oshodi Market", "raw_price": "2650.00", "raw_city": "Lagos", "source_url": "", "matched_item": null, "matched_store": null, "is_imported": false, "scraped_at": "2026-05-07T15:59:18.626Z"}}, {"model": "scraper.scrapedprice", "pk": 62, "fields": {"job": 1, "raw_item_name": "Vegetable Oil", "raw_store_name": "Oyingbo Market", "raw_price": "3450.00", "raw_city": "Lagos", "source_url": "", "matched_item": null, "matched_store": null, "is_imported": false, "scraped_at": "2026-05-07T15:59:18.626Z"}}, {"model": "scraper.scrapedprice", "pk": 63, "fields": {"job": 1, "raw_item_name": "Vegetable Oil", "raw_store_name": "Balogun Market", "raw_price": "2650.00", "raw_city": "Lagos", "source_url": "", "matched_item": null, "matched_store": null, "is_imported": false, "scraped_at": "2026-05-07T15:59:18.626Z"}}, {"model": "scraper.scrapedprice", "pk": 64, "fields": {"job": 1, "raw_item_name": "Semovita", "raw_store_name": "Balogun Market", "raw_price": "1350.00", "raw_city": "Lagos", "source_url": "", "matched_item": null, "matched_store": null, "is_imported": false, "scraped_at": "2026-05-07T15:59:18.626Z"}}, {"model": "scraper.scrapedprice", "pk": 65, "fields": {"job": 1, "raw_item_name": "Semovita", "raw_store_name": "Oshodi Market", "raw_price": "2500.00", "raw_city": "Lagos", "source_url": "", "matched_item": null, "matched_store": null, "is_imported": false, "scraped_at": "2026-05-07T15:59:18.626Z"}}, {"model": "scraper.scrapedprice", "pk": 66, "fields": {"job": 1, "raw_item_name": "Semovita", "raw_store_name": "Balogun Market", "raw_price": "2550.00", "raw_city": "Lagos", "source_url": "", "matched_item": null, "matched_store": null, "is_imported": false, "scraped_at": "2026-05-07T15:59:18.626Z"}}, {"model": "scraper.scrapedprice", "pk": 67, "fields": {"job": 1, "raw_item_name": "Semovita", "raw_store_name": "Agege Market", "raw_price": "2600.00", "raw_city": "Lagos", "source_url": "", "matched_item": null, "matched_store": null, "is_imported": false, "scraped_at": "2026-05-07T15:59:18.626Z"}}, {"model": "scraper.scrapedprice", "pk": 68, "fields": {"job": 3, "raw_item_name": "Garri", "raw_store_name": "Ojoo Market", "raw_price": "1100.00", "raw_city": "Oyo", "source_url": "", "matched_item": 1, "matched_store": 87, "is_imported": true, "scraped_at": "2026-05-07T16:00:56.326Z"}}, {"model": "scraper.scrapedprice", "pk": 69, "fields": {"job": 3, "raw_item_name": "Garri", "raw_store_name": "Sango Market", "raw_price": "1200.00", "raw_city": "Oyo", "source_url": "", "matched_item": 1, "matched_store": 88, "is_imported": true, "scraped_at": "2026-05-07T16:00:56.326Z"}}, {"model": "scraper.scrapedprice", "pk": 70, "fields": {"job": 3, "raw_item_name": "Garri", "raw_store_name": "Bodija Market", "raw_price": "1250.00", "raw_city": "Oyo", "source_url": "", "matched_item": 1, "matched_store": 85, "is_imported": true, "scraped_at": "2026-05-07T16:00:56.326Z"}}, {"model": "scraper.scrapedprice", "pk": 71, "fields": {"job": 3, "raw_item_name": "Garri", "raw_store_name": "Gbagi Market", "raw_price": "1100.00", "raw_city": "Oyo", "source_url": "", "matched_item": 1, "matched_store": 89, "is_imported": true, "scraped_at": "2026-05-07T16:00:56.326Z"}}, {"model": "scraper.scrapedprice", "pk": 72, "fields": {"job": 3, "raw_item_name": "Garri", "raw_store_name": "UI Market", "raw_price": "1300.00", "raw_city": "Oyo", "source_url": "", "matched_item": 1, "matched_store": 86, "is_imported": true, "scraped_at": "2026-05-07T16:00:56.326Z"}}, {"model": "scraper.scrapedprice", "pk": 73, "fields": {"job": 3, "raw_item_name": "Garri", "raw_store_name": "Gbagi Market", "raw_price": "1050.00", "raw_city": "Oyo", "source_url": "", "matched_item": 1, "matched_store": 89, "is_imported": true, "scraped_at": "2026-05-07T16:00:56.326Z"}}, {"model": "scraper.scrapedprice", "pk": 74, "fields": {"job": 3, "raw_item_name": "Rice", "raw_store_name": "UI Market", "raw_price": "1550.00", "raw_city": "Oyo", "source_url": "", "matched_item": 2, "matched_store": 86, "is_imported": true, "scraped_at": "2026-05-07T16:00:56.326Z"}}, {"model": "scraper.scrapedprice", "pk": 75, "fields": {"job": 3, "raw_item_name": "Rice", "raw_store_name": "Bodija Market", "raw_price": "1600.00", "raw_city": "Oyo", "source_url": "", "matched_item": 2, "matched_store": 85, "is_imported": true, "scraped_at": "2026-05-07T16:00:56.326Z"}}, {"model": "scraper.scrapedprice", "pk": 76, "fields": {"job": 3, "raw_item_name": "Rice", "raw_store_name": "Sango Market", "raw_price": "1750.00", "raw_city": "Oyo", "source_url": "", "matched_item": 2, "matched_store": 88, "is_imported": true, "scraped_at": "2026-05-07T16:00:56.326Z"}}, {"model": "scraper.scrapedprice", "pk": 77, "fields": {"job": 3, "raw_item_name": "Rice", "raw_store_name": "UI Market", "raw_price": "1550.00", "raw_city": "Oyo", "source_url": "", "matched_item": 2, "matched_store": 86, "is_imported": true, "scraped_at": "2026-05-07T16:00:56.326Z"}}, {"model": "scraper.scrapedprice", "pk": 78, "fields": {"job": 3, "raw_item_name": "Rice", "raw_store_name": "UI Market", "raw_price": "1850.00", "raw_city": "Oyo", "source_url": "", "matched_item": 2, "matched_store": 86, "is_imported": true, "scraped_at": "2026-05-07T16:00:56.326Z"}}, {"model": "scraper.scrapedprice", "pk": 79, "fields": {"job": 3, "raw_item_name": "Beans", "raw_store_name": "Bodija Market", "raw_price": "1250.00", "raw_city": "Oyo", "source_url": "", "matched_item": 4, "matched_store": 85, "is_imported": true, "scraped_at": "2026-05-07T16:00:56.326Z"}}, {"model": "scraper.scrapedprice", "pk": 80, "fields": {"job": 3, "raw_item_name": "Beans", "raw_store_name": "Bodija Market", "raw_price": "1250.00", "raw_city": "Oyo", "source_url": "", "matched_item": 4, "matched_store": 85, "is_imported": true, "scraped_at": "2026-05-07T16:00:56.326Z"}}, {"model": "scraper.scrapedprice", "pk": 81, "fields": {"job": 3, "raw_item_name": "Beans", "raw_store_name": "UI Market", "raw_price": "1050.00", "raw_city": "Oyo", "source_url": "", "matched_item": 4, "matched_store": 86, "is_imported": true, "scraped_at": "2026-05-07T16:00:56.326Z"}}, {"model": "scraper.scrapedprice", "pk": 82, "fields": {"job": 3, "raw_item_name": "Beans", "raw_store_name": "Ojoo Market", "raw_price": "1450.00", "raw_city": "Oyo", "source_url": "", "matched_item": 4, "matched_store": 87, "is_imported": true, "scraped_at": "2026-05-07T16:00:56.326Z"}}, {"model": "scraper.scrapedprice", "pk": 83, "fields": {"job": 3, "raw_item_name": "Beans", "raw_store_name": "Sango Market", "raw_price": "1500.00", "raw_city": "Oyo", "source_url": "", "matched_item": 4, "matched_store": 88, "is_imported": true, "scraped_at": "2026-05-07T16:00:56.326Z"}}, {"model": "scraper.scrapedprice", "pk": 84, "fields": {"job": 3, "raw_item_name": "Beans", "raw_store_name": "Bodija Market", "raw_price": "1500.00", "raw_city": "Oyo", "source_url": "", "matched_item": 4, "matched_store": 85, "is_imported": true, "scraped_at": "2026-05-07T16:00:56.326Z"}}, {"model": "scraper.scrapedprice", "pk": 85, "fields": {"job": 3, "raw_item_name": "Tomatoes", "raw_store_name": "Ojoo Market", "raw_price": "1100.00", "raw_city": "Oyo", "source_url": "", "matched_item": 5, "matched_store": 87, "is_imported": true, "scraped_at": "2026-05-07T16:00:56.326Z"}}, {"model": "scraper.scrapedprice", "pk": 86, "fields": {"job": 3, "raw_item_name": "Tomatoes", "raw_store_name": "Sango Market", "raw_price": "1150.00", "raw_city": "Oyo", "source_url": "", "matched_item": 5, "matched_store": 88, "is_imported": true, "scraped_at": "2026-05-07T16:00:56.326Z"}}, {"model": "scraper.scrapedprice", "pk": 87, "fields": {"job": 3, "raw_item_name": "Tomatoes", "raw_store_name": "Bodija Market", "raw_price": "800.00", "raw_city": "Oyo", "source_url": "", "matched_item": 5, "matched_store": 85, "is_imported": true, "scraped_at": "2026-05-07T16:00:56.326Z"}}, {"model": "scraper.scrapedprice", "pk": 88, "fields": {"job": 3, "raw_item_name": "Palm Oil", "raw_store_name": "Gbagi Market", "raw_price": "1550.00", "raw_city": "Oyo", "source_url": "", "matched_item": 9, "matched_store": 89, "is_imported": true, "scraped_at": "2026-05-07T16:00:56.326Z"}}, {"model": "scraper.scrapedprice", "pk": 89, "fields": {"job": 3, "raw_item_name": "Palm Oil", "raw_store_name": "Sango Market", "raw_price": "3000.00", "raw_city": "Oyo", "source_url": "", "matched_item": 9, "matched_store": 88, "is_imported": true, "scraped_at": "2026-05-07T16:00:56.326Z"}}, {"model": "scraper.scrapedprice", "pk": 90, "fields": {"job": 3, "raw_item_name": "Palm Oil", "raw_store_name": "Ojoo Market", "raw_price": "1600.00", "raw_city": "Oyo", "source_url": "", "matched_item": 9, "matched_store": 87, "is_imported": true, "scraped_at": "2026-05-07T16:00:56.326Z"}}, {"model": "scraper.scrapedprice", "pk": 91, "fields": {"job": 3, "raw_item_name": "Palm Oil", "raw_store_name": "UI Market", "raw_price": "2800.00", "raw_city": "Oyo", "source_url": "", "matched_item": 9, "matched_store": 86, "is_imported": true, "scraped_at": "2026-05-07T16:00:56.326Z"}}, {"model": "scraper.scrapedprice", "pk": 92, "fields": {"job": 3, "raw_item_name": "Palm Oil", "raw_store_name": "Gbagi Market", "raw_price": "2100.00", "raw_city": "Oyo", "source_url": "", "matched_item": 9, "matched_store": 89, "is_imported": true, "scraped_at": "2026-05-07T16:00:56.326Z"}}, {"model": "scraper.scrapedprice", "pk": 93, "fields": {"job": 3, "raw_item_name": "Onions", "raw_store_name": "Bodija Market", "raw_price": "800.00", "raw_city": "Oyo", "source_url": "", "matched_item": 6, "matched_store": 85, "is_imported": true, "scraped_at": "2026-05-07T16:00:56.326Z"}}, {"model": "scraper.scrapedprice", "pk": 94, "fields": {"job": 3, "raw_item_name": "Onions", "raw_store_name": "Ojoo Market", "raw_price": "700.00", "raw_city": "Oyo", "source_url": "", "matched_item": 6, "matched_store": 87, "is_imported": true, "scraped_at": "2026-05-07T16:00:56.326Z"}}, {"model": "scraper.scrapedprice", "pk": 95, "fields": {"job": 3, "raw_item_name": "Onions", "raw_store_name": "UI Market", "raw_price": "700.00", "raw_city": "Oyo", "source_url": "", "matched_item": 6, "matched_store": 86, "is_imported": true, "scraped_at": "2026-05-07T16:00:56.326Z"}}, {"model": "scraper.scrapedprice", "pk": 96, "fields": {"job": 3, "raw_item_name": "Onions", "raw_store_name": "Ojoo Market", "raw_price": "650.00", "raw_city": "Oyo", "source_url": "", "matched_item": 6, "matched_store": 87, "is_imported": true, "scraped_at": "2026-05-07T16:00:56.326Z"}}, {"model": "scraper.scrapedprice", "pk": 97, "fields": {"job": 3, "raw_item_name": "Onions", "raw_store_name": "Bodija Market", "raw_price": "600.00", "raw_city": "Oyo", "source_url": "", "matched_item": 6, "matched_store": 85, "is_imported": true, "scraped_at": "2026-05-07T16:00:56.326Z"}}, {"model": "scraper.scrapedprice", "pk": 98, "fields": {"job": 3, "raw_item_name": "Onions", "raw_store_name": "Sango Market", "raw_price": "600.00", "raw_city": "Oyo", "source_url": "", "matched_item": 6, "matched_store": 88, "is_imported": true, "scraped_at": "2026-05-07T16:00:56.326Z"}}, {"model": "scraper.scrapedprice", "pk": 99, "fields": {"job": 3, "raw_item_name": "Groundnut Oil", "raw_store_name": "Ojoo Market", "raw_price": "2050.00", "raw_city": "Oyo", "source_url": "", "matched_item": 10, "matched_store": 87, "is_imported": true, "scraped_at": "2026-05-07T16:00:56.326Z"}}, {"model": "scraper.scrapedprice", "pk": 100, "fields": {"job": 3, "raw_item_name": "Groundnut Oil", "raw_store_name": "Gbagi Market", "raw_price": "3400.00", "raw_city": "Oyo", "source_url": "", "matched_item": 10, "matched_store": 89, "is_imported": true, "scraped_at": "2026-05-07T16:00:56.326Z"}}, {"model": "scraper.scrapedprice", "pk": 101, "fields": {"job": 3, "raw_item_name": "Groundnut Oil", "raw_store_name": "Ojoo Market", "raw_price": "3050.00", "raw_city": "Oyo", "source_url": "", "matched_item": 10, "matched_store": 87, "is_imported": true, "scraped_at": "2026-05-07T16:00:56.326Z"}}, {"model": "scraper.scrapedprice", "pk": 102, "fields": {"job": 3, "raw_item_name": "Groundnut Oil", "raw_store_name": "UI Market", "raw_price": "3650.00", "raw_city": "Oyo", "source_url": "", "matched_item": 10, "matched_store": 86, "is_imported": true, "scraped_at": "2026-05-07T16:00:56.326Z"}}, {"model": "scraper.scrapedprice", "pk": 103, "fields": {"job": 3, "raw_item_name": "Groundnut Oil", "raw_store_name": "Ojoo Market", "raw_price": "3100.00", "raw_city": "Oyo", "source_url": "", "matched_item": 10, "matched_store": 87, "is_imported": true, "scraped_at": "2026-05-07T16:00:56.327Z"}}, {"model": "scraper.scrapedprice", "pk": 104, "fields": {"job": 3, "raw_item_name": "Yam", "raw_store_name": "Gbagi Market", "raw_price": "1400.00", "raw_city": "Oyo", "source_url": "", "matched_item": 8, "matched_store": 89, "is_imported": true, "scraped_at": "2026-05-07T16:00:56.327Z"}}, {"model": "scraper.scrapedprice", "pk": 105, "fields": {"job": 3, "raw_item_name": "Yam", "raw_store_name": "Ojoo Market", "raw_price": "950.00", "raw_city": "Oyo", "source_url": "", "matched_item": 8, "matched_store": 87, "is_imported": true, "scraped_at": "2026-05-07T16:00:56.327Z"}}, {"model": "scraper.scrapedprice", "pk": 106, "fields": {"job": 3, "raw_item_name": "Yam", "raw_store_name": "Gbagi Market", "raw_price": "1450.00", "raw_city": "Oyo", "source_url": "", "matched_item": 8, "matched_store": 89, "is_imported": true, "scraped_at": "2026-05-07T16:00:56.327Z"}}, {"model": "scraper.scrapedprice", "pk": 107, "fields": {"job": 3, "raw_item_name": "Plantain", "raw_store_name": "Ojoo Market", "raw_price": "700.00", "raw_city": "Oyo", "source_url": "", "matched_item": 7, "matched_store": 87, "is_imported": true, "scraped_at": "2026-05-07T16:00:56.327Z"}}, {"model": "scraper.scrapedprice", "pk": 108, "fields": {"job": 3, "raw_item_name": "Plantain", "raw_store_name": "UI Market", "raw_price": "700.00", "raw_city": "Oyo", "source_url": "", "matched_item": 7, "matched_store": 86, "is_imported": true, "scraped_at": "2026-05-07T16:00:56.327Z"}}, {"model": "scraper.scrapedprice", "pk": 109, "fields": {"job": 3, "raw_item_name": "Plantain", "raw_store_name": "UI Market", "raw_price": "1150.00", "raw_city": "Oyo", "source_url": "", "matched_item": 7, "matched_store": 86, "is_imported": true, "scraped_at": "2026-05-07T16:00:56.327Z"}}, {"model": "scraper.scrapedprice", "pk": 110, "fields": {"job": 3, "raw_item_name": "Plantain", "raw_store_name": "Ojoo Market", "raw_price": "1150.00", "raw_city": "Oyo", "source_url": "", "matched_item": 7, "matched_store": 87, "is_imported": true, "scraped_at": "2026-05-07T16:00:56.327Z"}}, {"model": "scraper.scrapedprice", "pk": 111, "fields": {"job": 3, "raw_item_name": "Plantain", "raw_store_name": "UI Market", "raw_price": "1400.00", "raw_city": "Oyo", "source_url": "", "matched_item": 7, "matched_store": 86, "is_imported": true, "scraped_at": "2026-05-07T16:00:56.327Z"}}, {"model": "scraper.scrapedprice", "pk": 112, "fields": {"job": 3, "raw_item_name": "Plantain", "raw_store_name": "UI Market", "raw_price": "1500.00", "raw_city": "Oyo", "source_url": "", "matched_item": 7, "matched_store": 86, "is_imported": true, "scraped_at": "2026-05-07T16:00:56.327Z"}}, {"model": "scraper.scrapedprice", "pk": 113, "fields": {"job": 3, "raw_item_name": "Bread", "raw_store_name": "Gbagi Market", "raw_price": "1450.00", "raw_city": "Oyo", "source_url": "", "matched_item": 14, "matched_store": 89, "is_imported": true, "scraped_at": "2026-05-07T16:00:56.327Z"}}, {"model": "scraper.scrapedprice", "pk": 114, "fields": {"job": 3, "raw_item_name": "Bread", "raw_store_name": "Ojoo Market", "raw_price": "1600.00", "raw_city": "Oyo", "source_url": "", "matched_item": 14, "matched_store": 87, "is_imported": true, "scraped_at": "2026-05-07T16:00:56.327Z"}}, {"model": "scraper.scrapedprice", "pk": 115, "fields": {"job": 3, "raw_item_name": "Bread", "raw_store_name": "Bodija Market", "raw_price": "1050.00", "raw_city": "Oyo", "source_url": "", "matched_item": 14, "matched_store": 85, "is_imported": true, "scraped_at": "2026-05-07T16:00:56.327Z"}}, {"model": "scraper.scrapedprice", "pk": 116, "fields": {"job": 3, "raw_item_name": "Bread", "raw_store_name": "Bodija Market", "raw_price": "1500.00", "raw_city": "Oyo", "source_url": "", "matched_item": 14, "matched_store": 85, "is_imported": true, "scraped_at": "2026-05-07T16:00:56.327Z"}}, {"model": "scraper.scrapedprice", "pk": 117, "fields": {"job": 3, "raw_item_name": "Sugar", "raw_store_name": "Sango Market", "raw_price": "1700.00", "raw_city": "Oyo", "source_url": "", "matched_item": null, "matched_store": null, "is_imported": false, "scraped_at": "2026-05-07T16:00:56.327Z"}}, {"model": "scraper.scrapedprice", "pk": 118, "fields": {"job": 3, "raw_item_name": "Sugar", "raw_store_name": "Ojoo Market", "raw_price": "1500.00", "raw_city": "Oyo", "source_url": "", "matched_item": null, "matched_store": null, "is_imported": false, "scraped_at": "2026-05-07T16:00:56.327Z"}}, {"model": "scraper.scrapedprice", "pk": 119, "fields": {"job": 3, "raw_item_name": "Sugar", "raw_store_name": "Ojoo Market", "raw_price": "1150.00", "raw_city": "Oyo", "source_url": "", "matched_item": null, "matched_store": null, "is_imported": false, "scraped_at": "2026-05-07T16:00:56.327Z"}}, {"model": "scraper.scrapedprice", "pk": 120, "fields": {"job": 3, "raw_item_name": "Sugar", "raw_store_name": "Bodija Market", "raw_price": "1150.00", "raw_city": "Oyo", "source_url": "", "matched_item": null, "matched_store": null, "is_imported": false, "scraped_at": "2026-05-07T16:00:56.327Z"}}, {"model": "scraper.scrapedprice", "pk": 121, "fields": {"job": 3, "raw_item_name": "Salt", "raw_store_name": "Bodija Market", "raw_price": "250.00", "raw_city": "Oyo", "source_url": "", "matched_item": null, "matched_store": null, "is_imported": false, "scraped_at": "2026-05-07T16:00:56.327Z"}}, {"model": "scraper.scrapedprice", "pk": 122, "fields": {"job": 3, "raw_item_name": "Salt", "raw_store_name": "Sango Market", "raw_price": "250.00", "raw_city": "Oyo", "source_url": "", "matched_item": null, "matched_store": null, "is_imported": false, "scraped_at": "2026-05-07T16:00:56.327Z"}}, {"model": "scraper.scrapedprice", "pk": 123, "fields": {"job": 3, "raw_item_name": "Salt", "raw_store_name": "Gbagi Market", "raw_price": "200.00", "raw_city": "Oyo", "source_url": "", "matched_item": null, "matched_store": null, "is_imported": false, "scraped_at": "2026-05-07T16:00:56.327Z"}}, {"model": "scraper.scrapedprice", "pk": 124, "fields": {"job": 3, "raw_item_name": "Pepper", "raw_store_name": "Bodija Market", "raw_price": "900.00", "raw_city": "Oyo", "source_url": "", "matched_item": null, "matched_store": null, "is_imported": false, "scraped_at": "2026-05-07T16:00:56.327Z"}}, {"model": "scraper.scrapedprice", "pk": 125, "fields": {"job": 3, "raw_item_name": "Pepper", "raw_store_name": "UI Market", "raw_price": "1550.00", "raw_city": "Oyo", "source_url": "", "matched_item": null, "matched_store": null, "is_imported": false, "scraped_at": "2026-05-07T16:00:56.327Z"}}, {"model": "scraper.scrapedprice", "pk": 126, "fields": {"job": 3, "raw_item_name": "Pepper", "raw_store_name": "Sango Market", "raw_price": "950.00", "raw_city": "Oyo", "source_url": "", "matched_item": null, "matched_store": null, "is_imported": false, "scraped_at": "2026-05-07T16:00:56.327Z"}}, {"model": "scraper.scrapedprice", "pk": 127, "fields": {"job": 3, "raw_item_name": "Pepper", "raw_store_name": "Gbagi Market", "raw_price": "1050.00", "raw_city": "Oyo", "source_url": "", "matched_item": null, "matched_store": null, "is_imported": false, "scraped_at": "2026-05-07T16:00:56.327Z"}}, {"model": "scraper.scrapedprice", "pk": 128, "fields": {"job": 3, "raw_item_name": "Pepper", "raw_store_name": "Gbagi Market", "raw_price": "1000.00", "raw_city": "Oyo", "source_url": "", "matched_item": null, "matched_store": null, "is_imported": false, "scraped_at": "2026-05-07T16:00:56.327Z"}}, {"model": "scraper.scrapedprice", "pk": 129, "fields": {"job": 3, "raw_item_name": "Vegetable Oil", "raw_store_name": "Sango Market", "raw_price": "2600.00", "raw_city": "Oyo", "source_url": "", "matched_item": null, "matched_store": null, "is_imported": false, "scraped_at": "2026-05-07T16:00:56.327Z"}}, {"model": "scraper.scrapedprice", "pk": 130, "fields": {"job": 3, "raw_item_name": "Vegetable Oil", "raw_store_name": "UI Market", "raw_price": "1700.00", "raw_city": "Oyo", "source_url": "", "matched_item": null, "matched_store": null, "is_imported": false, "scraped_at": "2026-05-07T16:00:56.327Z"}}, {"model": "scraper.scrapedprice", "pk": 131, "fields": {"job": 3, "raw_item_name": "Vegetable Oil", "raw_store_name": "UI Market", "raw_price": "2950.00", "raw_city": "Oyo", "source_url": "", "matched_item": null, "matched_store": null, "is_imported": false, "scraped_at": "2026-05-07T16:00:56.327Z"}}, {"model": "scraper.scrapedprice", "pk": 132, "fields": {"job": 3, "raw_item_name": "Vegetable Oil", "raw_store_name": "Bodija Market", "raw_price": "1650.00", "raw_city": "Oyo", "source_url": "", "matched_item": null, "matched_store": null, "is_imported": false, "scraped_at": "2026-05-07T16:00:56.327Z"}}, {"model": "scraper.scrapedprice", "pk": 133, "fields": {"job": 3, "raw_item_name": "Semovita", "raw_store_name": "Ojoo Market", "raw_price": "1750.00", "raw_city": "Oyo", "source_url": "", "matched_item": 3, "matched_store": 87, "is_imported": true, "scraped_at": "2026-05-07T16:00:56.327Z"}}, {"model": "scraper.scrapedprice", "pk": 134, "fields": {"job": 3, "raw_item_name": "Semovita", "raw_store_name": "Ojoo Market", "raw_price": "1650.00", "raw_city": "Oyo", "source_url": "", "matched_item": 3, "matched_store": 87, "is_imported": true, "scraped_at": "2026-05-07T16:00:56.327Z"}}, {"model": "scraper.scrapedprice", "pk": 135, "fields": {"job": 3, "raw_item_name": "Semovita", "raw_store_name": "Ojoo Market", "raw_price": "1700.00", "raw_city": "Oyo", "source_url": "", "matched_item": 3, "matched_store": 87, "is_imported": true, "scraped_at": "2026-05-07T16:00:56.327Z"}}, {"model": "scraper.scrapedprice", "pk": 136, "fields": {"job": 3, "raw_item_name": "Semovita", "raw_store_name": "UI Market", "raw_price": "1200.00", "raw_city": "Oyo", "source_url": "", "matched_item": 3, "matched_store": 86, "is_imported": true, "scraped_at": "2026-05-07T16:00:56.327Z"}}, {"model": "scraper.scrapedprice", "pk": 137, "fields": {"job": 3, "raw_item_name": "Semovita", "raw_store_name": "Gbagi Market", "raw_price": "1600.00", "raw_city": "Oyo", "source_url": "", "matched_item": 3, "matched_store": 89, "is_imported": true, "scraped_at": "2026-05-07T16:00:56.327Z"}}, {"model": "scraper.scrapedprice", "pk": 138, "fields": {"job": 3, "raw_item_name": "Semovita", "raw_store_name": "Ojoo Market", "raw_price": "2050.00", "raw_city": "Oyo", "source_url": "", "matched_item": 3, "matched_store": 87, "is_imported": true, "scraped_at": "2026-05-07T16:00:56.327Z"}}, {"model": "scraper.scrapedprice", "pk": 139, "fields": {"job": 4, "raw_item_name": "Garri", "raw_store_name": "New Market Enugu", "raw_price": "900.00", "raw_city": "Enugu", "source_url": "", "matched_item": 1, "matched_store": null, "is_imported": false, "scraped_at": "2026-05-14T10:59:23.847Z"}}, {"model": "scraper.scrapedprice", "pk": 140, "fields": {"job": 4, "raw_item_name": "Garri", "raw_store_name": "Coal Camp Market", "raw_price": "1300.00", "raw_city": "Enugu", "source_url": "", "matched_item": 1, "matched_store": null, "is_imported": false, "scraped_at": "2026-05-14T10:59:23.847Z"}}, {"model": "scraper.scrapedprice", "pk": 141, "fields": {"job": 4, "raw_item_name": "Garri", "raw_store_name": "New Market Enugu", "raw_price": "750.00", "raw_city": "Enugu", "source_url": "", "matched_item": 1, "matched_store": null, "is_imported": false, "scraped_at": "2026-05-14T10:59:23.847Z"}}, {"model": "scraper.scrapedprice", "pk": 142, "fields": {"job": 4, "raw_item_name": "Garri", "raw_store_name": "Ogbete Main Market", "raw_price": "900.00", "raw_city": "Enugu", "source_url": "", "matched_item": 1, "matched_store": null, "is_imported": false, "scraped_at": "2026-05-14T10:59:23.847Z"}}, {"model": "scraper.scrapedprice", "pk": 143, "fields": {"job": 4, "raw_item_name": "Rice", "raw_store_name": "Coal Camp Market", "raw_price": "1400.00", "raw_city": "Enugu", "source_url": "", "matched_item": 2, "matched_store": null, "is_imported": false, "scraped_at": "2026-05-14T10:59:23.847Z"}}, {"model": "scraper.scrapedprice", "pk": 144, "fields": {"job": 4, "raw_item_name": "Rice", "raw_store_name": "New Market Enugu", "raw_price": "1400.00", "raw_city": "Enugu", "source_url": "", "matched_item": 2, "matched_store": null, "is_imported": false, "scraped_at": "2026-05-14T10:59:23.847Z"}}, {"model": "scraper.scrapedprice", "pk": 145, "fields": {"job": 4, "raw_item_name": "Rice", "raw_store_name": "Ogbete Main Market", "raw_price": "1700.00", "raw_city": "Enugu", "source_url": "", "matched_item": 2, "matched_store": null, "is_imported": false, "scraped_at": "2026-05-14T10:59:23.847Z"}}, {"model": "scraper.scrapedprice", "pk": 146, "fields": {"job": 4, "raw_item_name": "Beans", "raw_store_name": "New Market Enugu", "raw_price": "950.00", "raw_city": "Enugu", "source_url": "", "matched_item": 4, "matched_store": null, "is_imported": false, "scraped_at": "2026-05-14T10:59:23.847Z"}}, {"model": "scraper.scrapedprice", "pk": 147, "fields": {"job": 4, "raw_item_name": "Beans", "raw_store_name": "New Market Enugu", "raw_price": "1450.00", "raw_city": "Enugu", "source_url": "", "matched_item": 4, "matched_store": null, "is_imported": false, "scraped_at": "2026-05-14T10:59:23.847Z"}}, {"model": "scraper.scrapedprice", "pk": 148, "fields": {"job": 4, "raw_item_name": "Beans", "raw_store_name": "Coal Camp Market", "raw_price": "1050.00", "raw_city": "Enugu", "source_url": "", "matched_item": 4, "matched_store": null, "is_imported": false, "scraped_at": "2026-05-14T10:59:23.847Z"}}, {"model": "scraper.scrapedprice", "pk": 149, "fields": {"job": 4, "raw_item_name": "Tomatoes", "raw_store_name": "Coal Camp Market", "raw_price": "850.00", "raw_city": "Enugu", "source_url": "", "matched_item": 5, "matched_store": null, "is_imported": false, "scraped_at": "2026-05-14T10:59:23.847Z"}}, {"model": "scraper.scrapedprice", "pk": 150, "fields": {"job": 4, "raw_item_name": "Tomatoes", "raw_store_name": "Coal Camp Market", "raw_price": "550.00", "raw_city": "Enugu", "source_url": "", "matched_item": 5, "matched_store": null, "is_imported": false, "scraped_at": "2026-05-14T10:59:23.847Z"}}, {"model": "scraper.scrapedprice", "pk": 151, "fields": {"job": 4, "raw_item_name": "Tomatoes", "raw_store_name": "New Market Enugu", "raw_price": "950.00", "raw_city": "Enugu", "source_url": "", "matched_item": 5, "matched_store": null, "is_imported": false, "scraped_at": "2026-05-14T10:59:23.847Z"}}, {"model": "scraper.scrapedprice", "pk": 152, "fields": {"job": 4, "raw_item_name": "Tomatoes", "raw_store_name": "New Market Enugu", "raw_price": "550.00", "raw_city": "Enugu", "source_url": "", "matched_item": 5, "matched_store": null, "is_imported": false, "scraped_at": "2026-05-14T10:59:23.847Z"}}, {"model": "scraper.scrapedprice", "pk": 153, "fields": {"job": 4, "raw_item_name": "Palm Oil", "raw_store_name": "Coal Camp Market", "raw_price": "1750.00", "raw_city": "Enugu", "source_url": "", "matched_item": 9, "matched_store": null, "is_imported": false, "scraped_at": "2026-05-14T10:59:23.848Z"}}, {"model": "scraper.scrapedprice", "pk": 154, "fields": {"job": 4, "raw_item_name": "Palm Oil", "raw_store_name": "Ogbete Main Market", "raw_price": "1800.00", "raw_city": "Enugu", "source_url": "", "matched_item": 9, "matched_store": null, "is_imported": false, "scraped_at": "2026-05-14T10:59:23.848Z"}}, {"model": "scraper.scrapedprice", "pk": 155, "fields": {"job": 4, "raw_item_name": "Palm Oil", "raw_store_name": "Ogbete Main Market", "raw_price": "1950.00", "raw_city": "Enugu", "source_url": "", "matched_item": 9, "matched_store": null, "is_imported": false, "scraped_at": "2026-05-14T10:59:23.848Z"}}, {"model": "scraper.scrapedprice", "pk": 156, "fields": {"job": 4, "raw_item_name": "Palm Oil", "raw_store_name": "New Market Enugu", "raw_price": "2250.00", "raw_city": "Enugu", "source_url": "", "matched_item": 9, "matched_store": null, "is_imported": false, "scraped_at": "2026-05-14T10:59:23.848Z"}}, {"model": "scraper.scrapedprice", "pk": 157, "fields": {"job": 4, "raw_item_name": "Palm Oil", "raw_store_name": "Coal Camp Market", "raw_price": "1700.00", "raw_city": "Enugu", "source_url": "", "matched_item": 9, "matched_store": null, "is_imported": false, "scraped_at": "2026-05-14T10:59:23.848Z"}}, {"model": "scraper.scrapedprice", "pk": 158, "fields": {"job": 4, "raw_item_name": "Palm Oil", "raw_store_name": "Coal Camp Market", "raw_price": "2000.00", "raw_city": "Enugu", "source_url": "", "matched_item": 9, "matched_store": null, "is_imported": false, "scraped_at": "2026-05-14T10:59:23.848Z"}}, {"model": "scraper.scrapedprice", "pk": 159, "fields": {"job": 4, "raw_item_name": "Onions", "raw_store_name": "Ogbete Main Market", "raw_price": "500.00", "raw_city": "Enugu", "source_url": "", "matched_item": 6, "matched_store": null, "is_imported": false, "scraped_at": "2026-05-14T10:59:23.848Z"}}, {"model": "scraper.scrapedprice", "pk": 160, "fields": {"job": 4, "raw_item_name": "Onions", "raw_store_name": "Coal Camp Market", "raw_price": "900.00", "raw_city": "Enugu", "source_url": "", "matched_item": 6, "matched_store": null, "is_imported": false, "scraped_at": "2026-05-14T10:59:23.848Z"}}, {"model": "scraper.scrapedprice", "pk": 161, "fields": {"job": 4, "raw_item_name": "Onions", "raw_store_name": "Ogbete Main Market", "raw_price": "450.00", "raw_city": "Enugu", "source_url": "", "matched_item": 6, "matched_store": null, "is_imported": false, "scraped_at": "2026-05-14T10:59:23.848Z"}}, {"model": "scraper.scrapedprice", "pk": 162, "fields": {"job": 4, "raw_item_name": "Onions", "raw_store_name": "Coal Camp Market", "raw_price": "750.00", "raw_city": "Enugu", "source_url": "", "matched_item": 6, "matched_store": null, "is_imported": false, "scraped_at": "2026-05-14T10:59:23.848Z"}}, {"model": "scraper.scrapedprice", "pk": 163, "fields": {"job": 4, "raw_item_name": "Onions", "raw_store_name": "Ogbete Main Market", "raw_price": "750.00", "raw_city": "Enugu", "source_url": "", "matched_item": 6, "matched_store": null, "is_imported": false, "scraped_at": "2026-05-14T10:59:23.848Z"}}, {"model": "scraper.scrapedprice", "pk": 164, "fields": {"job": 4, "raw_item_name": "Groundnut Oil", "raw_store_name": "Coal Camp Market", "raw_price": "3000.00", "raw_city": "Enugu", "source_url": "", "matched_item": 10, "matched_store": null, "is_imported": false, "scraped_at": "2026-05-14T10:59:23.848Z"}}, {"model": "scraper.scrapedprice", "pk": 165, "fields": {"job": 4, "raw_item_name": "Groundnut Oil", "raw_store_name": "Ogbete Main Market", "raw_price": "2050.00", "raw_city": "Enugu", "source_url": "", "matched_item": 10, "matched_store": null, "is_imported": false, "scraped_at": "2026-05-14T10:59:23.848Z"}}, {"model": "scraper.scrapedprice", "pk": 166, "fields": {"job": 4, "raw_item_name": "Groundnut Oil", "raw_store_name": "New Market Enugu", "raw_price": "2150.00", "raw_city": "Enugu", "source_url": "", "matched_item": 10, "matched_store": null, "is_imported": false, "scraped_at": "2026-05-14T10:59:23.848Z"}}, {"model": "scraper.scrapedprice", "pk": 167, "fields": {"job": 4, "raw_item_name": "Groundnut Oil", "raw_store_name": "New Market Enugu", "raw_price": "1950.00", "raw_city": "Enugu", "source_url": "", "matched_item": 10, "matched_store": null, "is_imported": false, "scraped_at": "2026-05-14T10:59:23.848Z"}}, {"model": "scraper.scrapedprice", "pk": 168, "fields": {"job": 4, "raw_item_name": "Groundnut Oil", "raw_store_name": "New Market Enugu", "raw_price": "2700.00", "raw_city": "Enugu", "source_url": "", "matched_item": 10, "matched_store": null, "is_imported": false, "scraped_at": "2026-05-14T10:59:23.848Z"}}, {"model": "scraper.scrapedprice", "pk": 169, "fields": {"job": 4, "raw_item_name": "Groundnut Oil", "raw_store_name": "Coal Camp Market", "raw_price": "3050.00", "raw_city": "Enugu", "source_url": "", "matched_item": 10, "matched_store": null, "is_imported": false, "scraped_at": "2026-05-14T10:59:23.848Z"}}, {"model": "scraper.scrapedprice", "pk": 170, "fields": {"job": 4, "raw_item_name": "Yam", "raw_store_name": "New Market Enugu", "raw_price": "750.00", "raw_city": "Enugu", "source_url": "", "matched_item": 8, "matched_store": null, "is_imported": false, "scraped_at": "2026-05-14T10:59:23.848Z"}}, {"model": "scraper.scrapedprice", "pk": 171, "fields": {"job": 4, "raw_item_name": "Yam", "raw_store_name": "New Market Enugu", "raw_price": "1200.00", "raw_city": "Enugu", "source_url": "", "matched_item": 8, "matched_store": null, "is_imported": false, "scraped_at": "2026-05-14T10:59:23.848Z"}}, {"model": "scraper.scrapedprice", "pk": 172, "fields": {"job": 4, "raw_item_name": "Yam", "raw_store_name": "Coal Camp Market", "raw_price": "650.00", "raw_city": "Enugu", "source_url": "", "matched_item": 8, "matched_store": null, "is_imported": false, "scraped_at": "2026-05-14T10:59:23.848Z"}}, {"model": "scraper.scrapedprice", "pk": 173, "fields": {"job": 4, "raw_item_name": "Plantain", "raw_store_name": "Coal Camp Market", "raw_price": "650.00", "raw_city": "Enugu", "source_url": "", "matched_item": 7, "matched_store": null, "is_imported": false, "scraped_at": "2026-05-14T10:59:23.848Z"}}, {"model": "scraper.scrapedprice", "pk": 174, "fields": {"job": 4, "raw_item_name": "Plantain", "raw_store_name": "Coal Camp Market", "raw_price": "950.00", "raw_city": "Enugu", "source_url": "", "matched_item": 7, "matched_store": null, "is_imported": false, "scraped_at": "2026-05-14T10:59:23.848Z"}}, {"model": "scraper.scrapedprice", "pk": 175, "fields": {"job": 4, "raw_item_name": "Plantain", "raw_store_name": "New Market Enugu", "raw_price": "700.00", "raw_city": "Enugu", "source_url": "", "matched_item": 7, "matched_store": null, "is_imported": false, "scraped_at": "2026-05-14T10:59:23.848Z"}}, {"model": "scraper.scrapedprice", "pk": 176, "fields": {"job": 4, "raw_item_name": "Bread", "raw_store_name": "Coal Camp Market", "raw_price": "1650.00", "raw_city": "Enugu", "source_url": "", "matched_item": 14, "matched_store": null, "is_imported": false, "scraped_at": "2026-05-14T10:59:23.848Z"}}, {"model": "scraper.scrapedprice", "pk": 177, "fields": {"job": 4, "raw_item_name": "Bread", "raw_store_name": "New Market Enugu", "raw_price": "2000.00", "raw_city": "Enugu", "source_url": "", "matched_item": 14, "matched_store": null, "is_imported": false, "scraped_at": "2026-05-14T10:59:23.848Z"}}, {"model": "scraper.scrapedprice", "pk": 178, "fields": {"job": 4, "raw_item_name": "Bread", "raw_store_name": "Coal Camp Market", "raw_price": "1100.00", "raw_city": "Enugu", "source_url": "", "matched_item": 14, "matched_store": null, "is_imported": false, "scraped_at": "2026-05-14T10:59:23.848Z"}}, {"model": "scraper.scrapedprice", "pk": 179, "fields": {"job": 4, "raw_item_name": "Bread", "raw_store_name": "New Market Enugu", "raw_price": "1950.00", "raw_city": "Enugu", "source_url": "", "matched_item": 14, "matched_store": null, "is_imported": false, "scraped_at": "2026-05-14T10:59:23.848Z"}}, {"model": "scraper.scrapedprice", "pk": 180, "fields": {"job": 4, "raw_item_name": "Sugar", "raw_store_name": "Ogbete Main Market", "raw_price": "1700.00", "raw_city": "Enugu", "source_url": "", "matched_item": null, "matched_store": null, "is_imported": false, "scraped_at": "2026-05-14T10:59:23.848Z"}}, {"model": "scraper.scrapedprice", "pk": 181, "fields": {"job": 4, "raw_item_name": "Sugar", "raw_store_name": "Coal Camp Market", "raw_price": "1450.00", "raw_city": "Enugu", "source_url": "", "matched_item": null, "matched_store": null, "is_imported": false, "scraped_at": "2026-05-14T10:59:23.848Z"}}, {"model": "scraper.scrapedprice", "pk": 182, "fields": {"job": 4, "raw_item_name": "Sugar", "raw_store_name": "Coal Camp Market", "raw_price": "1050.00", "raw_city": "Enugu", "source_url": "", "matched_item": null, "matched_store": null, "is_imported": false, "scraped_at": "2026-05-14T10:59:23.848Z"}}, {"model": "scraper.scrapedprice", "pk": 183, "fields": {"job": 4, "raw_item_name": "Sugar", "raw_store_name": "New Market Enugu", "raw_price": "900.00", "raw_city": "Enugu", "source_url": "", "matched_item": null, "matched_store": null, "is_imported": false, "scraped_at": "2026-05-14T10:59:23.848Z"}}, {"model": "scraper.scrapedprice", "pk": 184, "fields": {"job": 4, "raw_item_name": "Sugar", "raw_store_name": "Ogbete Main Market", "raw_price": "1100.00", "raw_city": "Enugu", "source_url": "", "matched_item": null, "matched_store": null, "is_imported": false, "scraped_at": "2026-05-14T10:59:23.848Z"}}, {"model": "scraper.scrapedprice", "pk": 185, "fields": {"job": 4, "raw_item_name": "Sugar", "raw_store_name": "New Market Enugu", "raw_price": "1250.00", "raw_city": "Enugu", "source_url": "", "matched_item": null, "matched_store": null, "is_imported": false, "scraped_at": "2026-05-14T10:59:23.848Z"}}, {"model": "scraper.scrapedprice", "pk": 186, "fields": {"job": 4, "raw_item_name": "Salt", "raw_store_name": "New Market Enugu", "raw_price": "450.00", "raw_city": "Enugu", "source_url": "", "matched_item": null, "matched_store": null, "is_imported": false, "scraped_at": "2026-05-14T10:59:23.848Z"}}, {"model": "scraper.scrapedprice", "pk": 187, "fields": {"job": 4, "raw_item_name": "Salt", "raw_store_name": "Coal Camp Market", "raw_price": "400.00", "raw_city": "Enugu", "source_url": "", "matched_item": null, "matched_store": null, "is_imported": false, "scraped_at": "2026-05-14T10:59:23.848Z"}}, {"model": "scraper.scrapedprice", "pk": 188, "fields": {"job": 4, "raw_item_name": "Salt", "raw_store_name": "Coal Camp Market", "raw_price": "250.00", "raw_city": "Enugu", "source_url": "", "matched_item": null, "matched_store": null, "is_imported": false, "scraped_at": "2026-05-14T10:59:23.848Z"}}, {"model": "scraper.scrapedprice", "pk": 189, "fields": {"job": 4, "raw_item_name": "Salt", "raw_store_name": "New Market Enugu", "raw_price": "400.00", "raw_city": "Enugu", "source_url": "", "matched_item": null, "matched_store": null, "is_imported": false, "scraped_at": "2026-05-14T10:59:23.848Z"}}, {"model": "scraper.scrapedprice", "pk": 190, "fields": {"job": 4, "raw_item_name": "Pepper", "raw_store_name": "New Market Enugu", "raw_price": "850.00", "raw_city": "Enugu", "source_url": "", "matched_item": null, "matched_store": null, "is_imported": false, "scraped_at": "2026-05-14T10:59:23.848Z"}}, {"model": "scraper.scrapedprice", "pk": 191, "fields": {"job": 4, "raw_item_name": "Pepper", "raw_store_name": "Coal Camp Market", "raw_price": "800.00", "raw_city": "Enugu", "source_url": "", "matched_item": null, "matched_store": null, "is_imported": false, "scraped_at": "2026-05-14T10:59:23.848Z"}}, {"model": "scraper.scrapedprice", "pk": 192, "fields": {"job": 4, "raw_item_name": "Pepper", "raw_store_name": "New Market Enugu", "raw_price": "1100.00", "raw_city": "Enugu", "source_url": "", "matched_item": null, "matched_store": null, "is_imported": false, "scraped_at": "2026-05-14T10:59:23.848Z"}}, {"model": "scraper.scrapedprice", "pk": 193, "fields": {"job": 4, "raw_item_name": "Vegetable Oil", "raw_store_name": "New Market Enugu", "raw_price": "3050.00", "raw_city": "Enugu", "source_url": "", "matched_item": null, "matched_store": null, "is_imported": false, "scraped_at": "2026-05-14T10:59:23.848Z"}}, {"model": "scraper.scrapedprice", "pk": 194, "fields": {"job": 4, "raw_item_name": "Vegetable Oil", "raw_store_name": "Ogbete Main Market", "raw_price": "2850.00", "raw_city": "Enugu", "source_url": "", "matched_item": null, "matched_store": null, "is_imported": false, "scraped_at": "2026-05-14T10:59:23.848Z"}}, {"model": "scraper.scrapedprice", "pk": 195, "fields": {"job": 4, "raw_item_name": "Vegetable Oil", "raw_store_name": "Coal Camp Market", "raw_price": "1900.00", "raw_city": "Enugu", "source_url": "", "matched_item": null, "matched_store": null, "is_imported": false, "scraped_at": "2026-05-14T10:59:23.848Z"}}, {"model": "scraper.scrapedprice", "pk": 196, "fields": {"job": 4, "raw_item_name": "Vegetable Oil", "raw_store_name": "Coal Camp Market", "raw_price": "2100.00", "raw_city": "Enugu", "source_url": "", "matched_item": null, "matched_store": null, "is_imported": false, "scraped_at": "2026-05-14T10:59:23.848Z"}}, {"model": "scraper.scrapedprice", "pk": 197, "fields": {"job": 4, "raw_item_name": "Semovita", "raw_store_name": "Coal Camp Market", "raw_price": "1650.00", "raw_city": "Enugu", "source_url": "", "matched_item": 3, "matched_store": null, "is_imported": false, "scraped_at": "2026-05-14T10:59:23.848Z"}}, {"model": "scraper.scrapedprice", "pk": 198, "fields": {"job": 4, "raw_item_name": "Semovita", "raw_store_name": "Coal Camp Market", "raw_price": "1200.00", "raw_city": "Enugu", "source_url": "", "matched_item": 3, "matched_store": null, "is_imported": false, "scraped_at": "2026-05-14T10:59:23.848Z"}}, {"model": "scraper.scrapedprice", "pk": 199, "fields": {"job": 4, "raw_item_name": "Semovita", "raw_store_name": "New Market Enugu", "raw_price": "1400.00", "raw_city": "Enugu", "source_url": "", "matched_item": 3, "matched_store": null, "is_imported": false, "scraped_at": "2026-05-14T10:59:23.848Z"}}, {"model": "scraper.scrapedprice", "pk": 200, "fields": {"job": 4, "raw_item_name": "Semovita", "raw_store_name": "New Market Enugu", "raw_price": "1750.00", "raw_city": "Enugu", "source_url": "", "matched_item": 3, "matched_store": null, "is_imported": false, "scraped_at": "2026-05-14T10:59:23.848Z"}}, {"model": "scraper.scrapedprice", "pk": 201, "fields": {"job": 4, "raw_item_name": "Semovita", "raw_store_name": "Coal Camp Market", "raw_price": "2100.00", "raw_city": "Enugu", "source_url": "", "matched_item": 3, "matched_store": null, "is_imported": false, "scraped_at": "2026-05-14T10:59:23.848Z"}}]